iso3,gpcp,year,lgpcp,lgpcp_l,lgpcp_l2,lgpcp_l3,lgpcp_l4
AGO,1118.2797643164263,2005,7.01954685883012,6.981271468722113,,,
AGO,1231.1777739451177,2006,7.115726530010455,7.01954685883012,6.981271468722113,,
AGO,1218.1676609831889,2007,7.105103091492137,7.115726530010455,7.01954685883012,6.981271468722113,
AGO,1075.661546515107,2008,6.980691143392765,7.105103091492137,7.115726530010455,7.01954685883012,6.981271468722113
AGO,1256.7900738266405,2009,7.136316188936512,6.980691143392765,7.105103091492137,7.115726530010455,7.01954685883012
AGO,1135.8155147832852,2010,7.035106187134582,7.136316188936512,6.980691143392765,7.105103091492137,7.115726530010455
AGO,1141.4784605603122,2011,7.040079596374661,7.035106187134582,7.136316188936512,6.980691143392765,7.105103091492137
AGO,1084.8627564749395,2012,6.98920876624564,7.040079596374661,7.035106187134582,7.136316188936512,6.980691143392765
AGO,956.1846375941495,2013,6.862951029961864,6.98920876624564,7.040079596374661,7.035106187134582,7.136316188936512
AGO,1013.971258739814,2014,6.921629839311364,6.862951029961864,6.98920876624564,7.040079596374661,7.035106187134582
AGO,1020.5605264434416,2015,6.928107291067717,6.921629839311364,6.862951029961864,6.98920876624564,7.040079596374661
AGO,1091.814656933249,2016,6.995596413816304,6.928107291067717,6.921629839311364,6.862951029961864,6.98920876624564
AGO,1140.5015618819389,2017,7.039223411194736,6.995596413816304,6.928107291067717,6.921629839311364,6.862951029961864
AGO,1051.7629507184383,2018,6.958223035889889,7.039223411194736,6.995596413816304,6.928107291067717,6.921629839311364
AGO,1133.7008669768047,2019,7.033242663755381,6.958223035889889,7.039223411194736,6.995596413816304,6.928107291067717
AGO,918.6649722819295,2020,6.822921499068161,7.033242663755381,6.958223035889889,7.039223411194736,6.995596413816304
AGO,903.8954167117886,2021,6.8067136642215225,6.822921499068161,7.033242663755381,6.958223035889889,7.039223411194736
AGO,1004.6217048180406,2022,6.912366336515599,6.8067136642215225,6.822921499068161,7.033242663755381,6.958223035889889
AGO,1013.8878983461829,2023,6.921547624140368,6.912366336515599,6.8067136642215225,6.822921499068161,7.033242663755381
AGO,945.2384642803866,2024,6.8514372388144125,6.921547624140368,6.912366336515599,6.8067136642215225,6.822921499068161
BDI,1288.0452488958836,2005,7.1608810371775595,7.367309969928669,,,
BDI,1672.6217395067215,2006,7.42214757829613,7.1608810371775595,7.367309969928669,,
BDI,1560.637123465538,2007,7.3528494293438165,7.42214757829613,7.1608810371775595,7.367309969928669,
BDI,1613.5799496769905,2008,7.386210560730494,7.3528494293438165,7.42214757829613,7.1608810371775595,7.367309969928669
BDI,1435.5956355333328,2009,7.269335119099796,7.386210560730494,7.3528494293438165,7.42214757829613,7.1608810371775595
BDI,1479.3483902812004,2010,7.2993569929708295,7.269335119099796,7.386210560730494,7.3528494293438165,7.42214757829613
BDI,1783.2837059497833,2011,7.486211722395351,7.2993569929708295,7.269335119099796,7.386210560730494,7.3528494293438165
BDI,1452.7309302687645,2012,7.281200464225635,7.486211722395351,7.2993569929708295,7.269335119099796,7.386210560730494
BDI,1383.4976122379303,2013,7.232370073340367,7.281200464225635,7.486211722395351,7.2993569929708295,7.269335119099796
BDI,1319.915943801403,2014,7.185323334614496,7.232370073340367,7.281200464225635,7.486211722395351,7.2993569929708295
BDI,1582.192809998989,2015,7.366567018270934,7.185323334614496,7.232370073340367,7.281200464225635,7.486211722395351
BDI,1528.0785493850708,2016,7.331766375070811,7.366567018270934,7.185323334614496,7.232370073340367,7.281200464225635
BDI,1342.7452079057693,2017,7.202471459913641,7.331766375070811,7.366567018270934,7.185323334614496,7.232370073340367
BDI,1364.959793806076,2018,7.218880252098127,7.202471459913641,7.331766375070811,7.366567018270934,7.185323334614496
BDI,1337.889674037695,2019,7.198848781412339,7.218880252098127,7.202471459913641,7.331766375070811,7.366567018270934
BDI,1241.1410104185343,2020,7.123786405194845,7.198848781412339,7.218880252098127,7.202471459913641,7.331766375070811
BDI,1246.6250529885292,2021,7.128195221227619,7.123786405194845,7.198848781412339,7.218880252098127,7.202471459913641
BDI,1219.8018016815186,2022,7.106443666891531,7.128195221227619,7.123786405194845,7.198848781412339,7.218880252098127
BDI,1270.0806036293507,2023,7.1468356448633505,7.106443666891531,7.128195221227619,7.123786405194845,7.198848781412339
BDI,1225.626567274332,2024,7.111207475704985,7.1468356448633505,7.106443666891531,7.128195221227619,7.123786405194845
BEN,995.1278166042175,2005,6.9028711878071665,6.926004740909337,,,
BEN,876.5334642010275,2006,6.775974882983335,6.9028711878071665,6.926004740909337,,
BEN,1069.782160284929,2007,6.975210318210238,6.775974882983335,6.9028711878071665,6.926004740909337,
BEN,1096.5757422414608,2008,6.999947641843882,6.975210318210238,6.775974882983335,6.9028711878071665,6.926004740909337
BEN,1094.7226753812283,2009,6.998256345681705,6.999947641843882,6.975210318210238,6.775974882983335,6.9028711878071665
BEN,1072.1926797303604,2010,6.9774610640341495,6.998256345681705,6.999947641843882,6.975210318210238,6.775974882983335
BEN,917.0543097699992,2011,6.821166695987983,6.9774610640341495,6.998256345681705,6.999947641843882,6.975210318210238
BEN,1099.9507500343025,2012,7.003020685088046,6.821166695987983,6.9774610640341495,6.998256345681705,6.999947641843882
BEN,918.9466241924092,2013,6.823228040356022,7.003020685088046,6.821166695987983,6.9774610640341495,6.998256345681705
BEN,974.7265204208015,2014,6.882156939776542,6.823228040356022,7.003020685088046,6.821166695987983,6.9774610640341495
BEN,948.6780795876402,2015,6.855069520395239,6.882156939776542,6.823228040356022,7.003020685088046,6.821166695987983
BEN,1024.5900647374801,2016,6.932047874734957,6.855069520395239,6.882156939776542,6.823228040356022,7.003020685088046
BEN,985.5492178727873,2017,6.893199067377968,6.932047874734957,6.855069520395239,6.882156939776542,6.823228040356022
BEN,964.8856873154873,2018,6.872009635581768,6.893199067377968,6.932047874734957,6.855069520395239,6.882156939776542
BEN,1059.9283029988292,2019,6.965956546138164,6.872009635581768,6.893199067377968,6.932047874734957,6.855069520395239
BEN,1116.1147460609209,2020,7.017608956706744,6.965956546138164,6.872009635581768,6.893199067377968,6.932047874734957
BEN,921.1479194248095,2021,6.825620630769534,7.017608956706744,6.965956546138164,6.872009635581768,6.893199067377968
BEN,1045.7091308392119,2022,6.95245052836255,6.825620630769534,7.017608956706744,6.965956546138164,6.872009635581768
BEN,966.1290012638201,2023,6.873297366977595,6.95245052836255,6.825620630769534,7.017608956706744,6.965956546138164
BEN,1019.6476912187645,2024,6.9272124458478155,6.873297366977595,6.95245052836255,6.825620630769534,7.017608956706744
BFA,823.0881679247832,2005,6.713063324859827,6.680820015380039,,,
BFA,872.124848514417,2006,6.770932588562286,6.713063324859827,6.680820015380039,,
BFA,913.7514558225133,2007,6.817558604302132,6.770932588562286,6.713063324859827,6.680820015380039,
BFA,905.5369045982758,2008,6.808528032537442,6.817558604302132,6.770932588562286,6.713063324859827,6.680820015380039
BFA,935.2821691877325,2009,6.840848268988206,6.808528032537442,6.817558604302132,6.770932588562286,6.713063324859827
BFA,991.3695685443041,2010,6.899087389678909,6.840848268988206,6.808528032537442,6.817558604302132,6.770932588562286
BFA,801.2349865345313,2011,6.686154270504923,6.899087389678909,6.840848268988206,6.808528032537442,6.817558604302132
BFA,973.5203929800482,2012,6.880918772697672,6.686154270504923,6.899087389678909,6.840848268988206,6.808528032537442
BFA,857.4026474330263,2013,6.75390764190465,6.880918772697672,6.686154270504923,6.899087389678909,6.840848268988206
BFA,906.4397533851443,2014,6.80952456729699,6.75390764190465,6.880918772697672,6.686154270504923,6.899087389678909
BFA,894.1256827541511,2015,6.795846350028593,6.80952456729699,6.75390764190465,6.880918772697672,6.686154270504923
BFA,938.1739398748614,2016,6.843935368781719,6.795846350028593,6.80952456729699,6.75390764190465,6.880918772697672
BFA,812.7750945151007,2017,6.700454434764081,6.843935368781719,6.795846350028593,6.80952456729699,6.75390764190465
BFA,967.9109687668582,2018,6.8751401086322685,6.700454434764081,6.843935368781719,6.795846350028593,6.80952456729699
BFA,1013.2772787845848,2019,6.92094518721322,6.8751401086322685,6.700454434764081,6.843935368781719,6.795846350028593
BFA,971.263427101842,2020,6.87859772614418,6.92094518721322,6.8751401086322685,6.700454434764081,6.843935368781719
BFA,844.17096062575,2021,6.738355034066569,6.87859772614418,6.92094518721322,6.8751401086322685,6.700454434764081
BFA,1000.8965329749044,2022,6.908651410311395,6.738355034066569,6.87859772614418,6.92094518721322,6.8751401086322685
BFA,847.7892958146986,2023,6.742632133001013,6.908651410311395,6.738355034066569,6.87859772614418,6.92094518721322
BFA,912.3738174314785,2024,6.8160497936279,6.742632133001013,6.908651410311395,6.738355034066569,6.87859772614418
BWA,406.99872269981637,2005,6.008810047107981,6.170490541838603,,,
BWA,717.9764790090105,2006,6.57643680947126,6.008810047107981,6.170490541838603,,
BWA,356.5140225537681,2007,5.8763735730324544,6.57643680947126,6.008810047107981,6.170490541838603,
BWA,510.30010440123743,2008,6.234998992657868,5.8763735730324544,6.57643680947126,6.008810047107981,6.170490541838603
BWA,576.7252455192954,2009,6.357365975489999,6.234998992657868,5.8763735730324544,6.57643680947126,6.008810047107981
BWA,599.1637717784041,2010,6.395534969391199,6.357365975489999,6.234998992657868,5.8763735730324544,6.57643680947126
BWA,632.9943568263552,2011,6.450461507138174,6.395534969391199,6.357365975489999,6.234998992657868,5.8763735730324544
BWA,435.4616800527766,2012,6.07640680172718,6.450461507138174,6.395534969391199,6.357365975489999,6.234998992657868
BWA,388.78353409598924,2013,5.9630227211133136,6.07640680172718,6.450461507138174,6.395534969391199,6.357365975489999
BWA,572.8631947239434,2014,6.35064693554551,5.9630227211133136,6.07640680172718,6.450461507138174,6.395534969391199
BWA,259.58822569382676,2015,5.559096628230565,6.35064693554551,5.9630227211133136,6.07640680172718,6.450461507138174
BWA,404.01306837342423,2016,6.001447224896953,5.559096628230565,6.35064693554551,5.9630227211133136,6.07640680172718
BWA,601.0683768869026,2017,6.3987086999220875,6.001447224896953,5.559096628230565,6.35064693554551,5.9630227211133136
BWA,404.8040699585755,2018,6.003403172168205,6.3987086999220875,6.001447224896953,5.559096628230565,6.35064693554551
BWA,347.1020555557947,2019,5.849618844935468,6.003403172168205,6.3987086999220875,6.001447224896953,5.559096628230565
BWA,530.831329636389,2020,6.274444324145758,5.849618844935468,6.003403172168205,6.3987086999220875,6.001447224896953
BWA,417.23970736629013,2021,6.033660894451686,6.274444324145758,5.849618844935468,6.003403172168205,6.3987086999220875
BWA,397.287026980659,2022,5.984659009331629,6.033660894451686,6.274444324145758,5.849618844935468,6.003403172168205
BWA,308.60179289534506,2023,5.73205174968323,5.984659009331629,6.033660894451686,6.274444324145758,5.849618844935468
BWA,273.8950103664182,2024,5.612744859113025,5.73205174968323,5.984659009331629,6.033660894451686,6.274444324145758
CAF,1334.1582866682936,2005,7.196055875109925,7.163163118049884,,,
CAF,1432.4340698443618,2006,7.267130422988275,7.196055875109925,7.163163118049884,,
CAF,1486.117081462971,2007,7.303922011852945,7.267130422988275,7.196055875109925,7.163163118049884,
CAF,1428.6526623482682,2008,7.264487084947982,7.303922011852945,7.267130422988275,7.196055875109925,7.163163118049884
CAF,1256.4115038708053,2009,7.1360149238393875,7.264487084947982,7.303922011852945,7.267130422988275,7.196055875109925
CAF,1527.285634838452,2010,7.331247343939586,7.1360149238393875,7.264487084947982,7.303922011852945,7.267130422988275
CAF,1374.2842170635206,2011,7.225688305149027,7.331247343939586,7.1360149238393875,7.264487084947982,7.303922011852945
CAF,1493.6536515504122,2012,7.308980512545421,7.225688305149027,7.331247343939586,7.1360149238393875,7.264487084947982
CAF,1506.1284778096847,2013,7.317297715351694,7.308980512545421,7.225688305149027,7.331247343939586,7.1360149238393875
CAF,1297.1221989857565,2014,7.16790339652117,7.317297715351694,7.308980512545421,7.225688305149027,7.331247343939586
CAF,1345.0622083359797,2015,7.204195542517284,7.16790339652117,7.317297715351694,7.308980512545421,7.225688305149027
CAF,1488.0221067019072,2016,7.305203071937186,7.204195542517284,7.16790339652117,7.317297715351694,7.308980512545421
CAF,1544.3979275278482,2017,7.342389422462121,7.305203071937186,7.204195542517284,7.16790339652117,7.317297715351694
CAF,1417.0331956194216,2018,7.256320666106062,7.342389422462121,7.305203071937186,7.204195542517284,7.16790339652117
CAF,1465.0826080837953,2019,7.289666907631946,7.256320666106062,7.342389422462121,7.305203071937186,7.204195542517284
CAF,1364.3867466634672,2020,7.2184603368235125,7.289666907631946,7.256320666106062,7.342389422462121,7.305203071937186
CAF,1471.0147387646139,2021,7.293707740105704,7.2184603368235125,7.289666907631946,7.256320666106062,7.342389422462121
CAF,1478.2359085026462,2022,7.298604702101908,7.293707740105704,7.2184603368235125,7.289666907631946,7.256320666106062
CAF,1497.1219948445048,2023,7.311299873981365,7.298604702101908,7.293707740105704,7.2184603368235125,7.289666907631946
CAF,1384.0362086417153,2024,7.232759298148766,7.311299873981365,7.298604702101908,7.293707740105704,7.2184603368235125
CIV,1187.2360422983766,2005,7.07938323103111,7.0899435417258285,,,
CIV,1239.5446952914353,2006,7.122499409954969,7.07938323103111,7.0899435417258285,,
CIV,1168.0984100860078,2007,7.063132415049525,7.122499409954969,7.07938323103111,7.0899435417258285,
CIV,1337.807357686921,2008,7.198787252509908,7.063132415049525,7.122499409954969,7.07938323103111,7.0899435417258285
CIV,1198.2823688371573,2009,7.088644451100428,7.198787252509908,7.063132415049525,7.122499409954969,7.07938323103111
CIV,1477.5217100065202,2010,7.2981214429161385,7.088644451100428,7.198787252509908,7.063132415049525,7.122499409954969
CIV,1237.004274664796,2011,7.120447828057331,7.2981214429161385,7.088644451100428,7.198787252509908,7.063132415049525
CIV,1202.2833047755994,2012,7.091977781812422,7.120447828057331,7.2981214429161385,7.088644451100428,7.198787252509908
CIV,1232.0794924115762,2013,7.116458665073286,7.091977781812422,7.120447828057331,7.2981214429161385,7.088644451100428
CIV,1383.722518954426,2014,7.232532623991438,7.116458665073286,7.091977781812422,7.120447828057331,7.2981214429161385
CIV,1088.7716688169749,2015,6.992805430441198,7.232532623991438,7.116458665073286,7.091977781812422,7.120447828057331
CIV,1139.5357035584748,2016,7.038376180848216,6.992805430441198,7.232532623991438,7.116458665073286,7.091977781812422
CIV,1183.7943262699991,2017,7.076480089433852,7.038376180848216,6.992805430441198,7.232532623991438,7.116458665073286
CIV,1284.3830323497532,2018,7.1580337515626615,7.076480089433852,7.038376180848216,6.992805430441198,7.232532623991438
CIV,1324.987315647304,2019,7.189158165278126,7.1580337515626615,7.076480089433852,7.038376180848216,6.992805430441198
CIV,1251.671013620915,2020,7.132234748456916,7.189158165278126,7.1580337515626615,7.076480089433852,7.038376180848216
CIV,1272.5492847394198,2021,7.148777478314681,7.132234748456916,7.189158165278126,7.1580337515626615,7.076480089433852
CIV,1253.4097801144235,2022,7.1336229406278715,7.148777478314681,7.132234748456916,7.189158165278126,7.1580337515626615
CIV,1389.3483088808134,2023,7.236590073651924,7.1336229406278715,7.148777478314681,7.132234748456916,7.189158165278126
CIV,1172.6531872358173,2024,7.067024141880967,7.236590073651924,7.1336229406278715,7.148777478314681,7.132234748456916
CMR,1532.3833980955183,2005,7.3345795788442345,7.325310352122059,,,
CMR,1702.300355515629,2006,7.439735765664789,7.3345795788442345,7.325310352122059,,
CMR,1711.580755419284,2007,7.445172640859028,7.439735765664789,7.3345795788442345,7.325310352122059,
CMR,1483.7866944000125,2008,7.302352676468968,7.445172640859028,7.439735765664789,7.3345795788442345,7.325310352122059
CMR,1532.0959233727306,2009,7.334391961507992,7.302352676468968,7.445172640859028,7.439735765664789,7.3345795788442345
CMR,1752.7820385159926,2010,7.4689595409193,7.334391961507992,7.302352676468968,7.445172640859028,7.439735765664789
CMR,1617.376524460502,2011,7.388560686187958,7.4689595409193,7.334391961507992,7.302352676468968,7.445172640859028
CMR,1680.9895302527584,2012,7.427137905104127,7.388560686187958,7.4689595409193,7.334391961507992,7.302352676468968
CMR,1762.2035513430833,2013,7.4743203227200565,7.427137905104127,7.388560686187958,7.4689595409193,7.334391961507992
CMR,1543.9751207266004,2014,7.342115616935856,7.4743203227200565,7.427137905104127,7.388560686187958,7.4689595409193
CMR,1385.587016841513,2015,7.233879167701853,7.342115616935856,7.4743203227200565,7.427137905104127,7.388560686187958
CMR,1650.147280649841,2016,7.408619823911004,7.233879167701853,7.342115616935856,7.4743203227200565,7.427137905104127
CMR,1547.7307813864202,2017,7.344545125191846,7.408619823911004,7.233879167701853,7.342115616935856,7.4743203227200565
CMR,1527.6060915991663,2018,7.331457143035978,7.344545125191846,7.408619823911004,7.233879167701853,7.342115616935856
CMR,1428.50645976956,2019,7.264384743725398,7.331457143035978,7.344545125191846,7.408619823911004,7.233879167701853
CMR,1538.4598393051099,2020,7.338537090622303,7.264384743725398,7.331457143035978,7.344545125191846,7.408619823911004
CMR,1465.4477550747804,2021,7.289916109617678,7.338537090622303,7.264384743725398,7.331457143035978,7.344545125191846
CMR,1514.5337442734278,2022,7.322862911020286,7.289916109617678,7.338537090622303,7.264384743725398,7.331457143035978
CMR,1497.0727840603329,2023,7.311267003184499,7.322862911020286,7.289916109617678,7.338537090622303,7.264384743725398
CMR,1318.8521938957506,2024,7.184517087223466,7.311267003184499,7.322862911020286,7.289916109617678,7.338537090622303
COG,1412.4804466078058,2005,7.2531026198152615,7.27616205231617,,,
COG,1647.0219889897853,2006,7.4067240810234205,7.2531026198152615,7.27616205231617,,
COG,1875.1754801291972,2007,7.536457523427535,7.4067240810234205,7.2531026198152615,7.27616205231617,
COG,1498.238736496307,2008,7.312045521536839,7.536457523427535,7.4067240810234205,7.2531026198152615,7.27616205231617
COG,1633.3044013333274,2009,7.398360481804332,7.312045521536839,7.536457523427535,7.4067240810234205,7.2531026198152615
COG,1600.5430151843466,2010,7.3780982351402,7.398360481804332,7.312045521536839,7.536457523427535,7.4067240810234205
COG,1600.8994955401868,2011,7.378320934973865,7.3780982351402,7.398360481804332,7.312045521536839,7.536457523427535
COG,1476.9009829596616,2012,7.297701240988046,7.378320934973865,7.3780982351402,7.398360481804332,7.312045521536839
COG,1500.7682995628566,2013,7.313732455669376,7.297701240988046,7.378320934973865,7.3780982351402,7.398360481804332
COG,1498.0753929819912,2014,7.3119364919041505,7.313732455669376,7.297701240988046,7.378320934973865,7.3780982351402
COG,1503.9121041065082,2015,7.315825061383474,7.3119364919041505,7.313732455669376,7.297701240988046,7.378320934973865
COG,1659.30568103306,2016,7.414154529415704,7.315825061383474,7.3119364919041505,7.313732455669376,7.297701240988046
COG,1660.9792954220902,2017,7.415162644407423,7.414154529415704,7.315825061383474,7.3119364919041505,7.313732455669376
COG,1673.1703081205487,2018,7.422475493845533,7.415162644407423,7.414154529415704,7.315825061383474,7.3119364919041505
COG,1597.7858715904877,2019,7.3763741195945824,7.422475493845533,7.415162644407423,7.414154529415704,7.315825061383474
COG,1666.8698983639479,2020,7.418702834332539,7.3763741195945824,7.422475493845533,7.415162644407423,7.414154529415704
COG,1615.9511280860752,2021,7.387678996102733,7.418702834332539,7.3763741195945824,7.422475493845533,7.415162644407423
COG,1605.9060194604099,2022,7.38144337440117,7.387678996102733,7.418702834332539,7.3763741195945824,7.422475493845533
COG,1619.2287891341548,2023,7.3897052587857255,7.38144337440117,7.387678996102733,7.418702834332539,7.3763741195945824
COG,1322.616703945445,2024,7.187367404788395,7.3897052587857255,7.38144337440117,7.387678996102733,7.418702834332539
DJI,241.13470416516066,2005,5.485355715787395,5.825463784376502,,,
DJI,370.8712963759899,2006,5.915855092382465,5.485355715787395,5.825463784376502,,
DJI,235.02001743018627,2007,5.459670691070485,5.915855092382465,5.485355715787395,5.825463784376502,
DJI,219.19966289773583,2008,5.389983017197385,5.459670691070485,5.915855092382465,5.485355715787395,5.825463784376502
DJI,199.77441400289536,2009,5.297188799970755,5.389983017197385,5.459670691070485,5.915855092382465,5.485355715787395
DJI,364.0202558785677,2010,5.89720951410649,5.297188799970755,5.389983017197385,5.459670691070485,5.915855092382465
DJI,216.26261180266738,2011,5.376493464586178,5.89720951410649,5.297188799970755,5.389983017197385,5.459670691070485
DJI,223.46946138888597,2012,5.409274766636743,5.376493464586178,5.89720951410649,5.297188799970755,5.389983017197385
DJI,366.85628025978804,2013,5.904970164434997,5.409274766636743,5.376493464586178,5.89720951410649,5.297188799970755
DJI,205.86126440763474,2014,5.327202468154916,5.904970164434997,5.409274766636743,5.376493464586178,5.89720951410649
DJI,180.7591032385826,2015,5.197165223469601,5.327202468154916,5.904970164434997,5.409274766636743,5.376493464586178
DJI,270.3519839569926,2016,5.599724754277109,5.197165223469601,5.327202468154916,5.904970164434997,5.409274766636743
DJI,189.8881202749908,2017,5.246435058067796,5.599724754277109,5.197165223469601,5.327202468154916,5.904970164434997
DJI,292.33946711570024,2018,5.677915685635719,5.246435058067796,5.599724754277109,5.197165223469601,5.327202468154916
DJI,304.3301469758153,2019,5.7181131219130625,5.677915685635719,5.246435058067796,5.599724754277109,5.197165223469601
DJI,314.52365559339523,2020,5.751059289825055,5.7181131219130625,5.677915685635719,5.246435058067796,5.599724754277109
DJI,275.47299617528915,2021,5.618489606276377,5.751059289825055,5.7181131219130625,5.677915685635719,5.246435058067796
DJI,244.1888908147812,2022,5.497942068482842,5.618489606276377,5.751059289825055,5.7181131219130625,5.677915685635719
DJI,288.9751536473632,2023,5.66634071087796,5.497942068482842,5.618489606276377,5.751059289825055,5.7181131219130625
DJI,309.3878000974655,2024,5.7345955065194865,5.66634071087796,5.497942068482842,5.618489606276377,5.751059289825055
ETH,816.5869424217739,2005,6.705133388581014,6.690633261015935,,,
ETH,993.5227341851077,2006,6.901256944654175,6.705133388581014,6.690633261015935,,
ETH,861.0387299679793,2007,6.758139485957254,6.901256944654175,6.705133388581014,6.690633261015935,
ETH,806.8725660650778,2008,6.693165745100714,6.758139485957254,6.901256944654175,6.705133388581014,6.690633261015935
ETH,687.4005407077761,2009,6.532917151013876,6.693165745100714,6.758139485957254,6.901256944654175,6.705133388581014
ETH,869.2185310917691,2010,6.767594567864825,6.532917151013876,6.693165745100714,6.758139485957254,6.901256944654175
ETH,794.1632388222677,2011,6.67728903057257,6.767594567864825,6.532917151013876,6.693165745100714,6.758139485957254
ETH,734.4664918585734,2012,6.599144374230983,6.67728903057257,6.767594567864825,6.532917151013876,6.693165745100714
ETH,857.0061087833287,2013,6.753445046674275,6.599144374230983,6.67728903057257,6.767594567864825,6.532917151013876
ETH,817.44283568243,2014,6.70618097455576,6.753445046674275,6.599144374230983,6.67728903057257,6.767594567864825
ETH,713.8871941132428,2015,6.5707249584195875,6.70618097455576,6.753445046674275,6.599144374230983,6.67728903057257
ETH,794.7042390942,2016,6.677970019138778,6.5707249584195875,6.70618097455576,6.753445046674275,6.599144374230983
ETH,796.025063875991,2017,6.679630672630065,6.677970019138778,6.5707249584195875,6.70618097455576,6.753445046674275
ETH,882.2629577756787,2018,6.782490149640132,6.679630672630065,6.677970019138778,6.5707249584195875,6.70618097455576
ETH,885.2849208282737,2019,6.785909537633667,6.782490149640132,6.679630672630065,6.677970019138778,6.5707249584195875
ETH,907.9348854360959,2020,6.811172663955075,6.785909537633667,6.782490149640132,6.679630672630065,6.677970019138778
ETH,685.7224139095857,2021,6.530472901388562,6.811172663955075,6.785909537633667,6.782490149640132,6.679630672630065
ETH,641.1890483481737,2022,6.463324340658427,6.530472901388562,6.811172663955075,6.785909537633667,6.782490149640132
ETH,816.2844592892171,2023,6.704762896286642,6.463324340658427,6.530472901388562,6.811172663955075,6.785909537633667
ETH,809.8409587702213,2024,6.696837881190592,6.704762896286642,6.463324340658427,6.530472901388562,6.811172663955075
GAB,1635.8948560133576,2005,7.399945246156865,7.360005327148615,,,
GAB,1818.5295492957036,2006,7.50578351356404,7.399945246156865,7.360005327148615,,
GAB,2106.2932182749114,2007,7.652684912952431,7.50578351356404,7.399945246156865,7.360005327148615,
GAB,1716.9446372898917,2008,7.448301616516182,7.652684912952431,7.50578351356404,7.399945246156865,7.360005327148615
GAB,1835.9451167024672,2009,7.515314677870055,7.448301616516182,7.652684912952431,7.50578351356404,7.399945246156865
GAB,1922.6212905471523,2010,7.56144478940123,7.515314677870055,7.448301616516182,7.652684912952431,7.50578351356404
GAB,1878.2208956082661,2011,7.538080275645793,7.56144478940123,7.515314677870055,7.448301616516182,7.652684912952431
GAB,1956.6537027955055,2012,7.578990998644267,7.538080275645793,7.56144478940123,7.515314677870055,7.448301616516182
GAB,1835.0946602858603,2013,7.514851345145004,7.578990998644267,7.538080275645793,7.56144478940123,7.515314677870055
GAB,1840.2138545488317,2014,7.517637069147673,7.514851345145004,7.578990998644267,7.538080275645793,7.56144478940123
GAB,1553.6902259060491,2015,7.348388171227971,7.517637069147673,7.514851345145004,7.578990998644267,7.538080275645793
GAB,1899.1138733749588,2016,7.549142673930185,7.348388171227971,7.517637069147673,7.514851345145004,7.578990998644267
GAB,1833.838689049085,2017,7.514166693140593,7.549142673930185,7.348388171227971,7.517637069147673,7.514851345145004
GAB,1859.7734971046448,2018,7.528209983541787,7.514166693140593,7.549142673930185,7.348388171227971,7.517637069147673
GAB,1499.844056268533,2019,7.313116419198183,7.528209983541787,7.514166693140593,7.549142673930185,7.348388171227971
GAB,1773.634801139434,2020,7.480786279861647,7.313116419198183,7.528209983541787,7.514166693140593,7.549142673930185
GAB,1881.6214217245579,2021,7.53988914248461,7.480786279861647,7.313116419198183,7.528209983541787,7.514166693140593
GAB,1870.0660629890237,2022,7.533729037026237,7.53988914248461,7.480786279861647,7.313116419198183,7.528209983541787
GAB,1760.238254232953,2023,7.473204450593541,7.533729037026237,7.53988914248461,7.480786279861647,7.313116419198183
GAB,1516.2158053542178,2024,7.323972907888025,7.473204450593541,7.533729037026237,7.53988914248461,7.480786279861647
GHA,1308.0754943937063,2005,7.176312247777939,7.217871906576721,,,
GHA,1254.843197312206,2006,7.134765901379223,7.176312247777939,7.217871906576721,,
GHA,1338.7550042588264,2007,7.199495359763433,7.134765901379223,7.176312247777939,7.217871906576721,
GHA,1434.991954924073,2008,7.268914521853318,7.199495359763433,7.134765901379223,7.176312247777939,7.217871906576721
GHA,1372.9802522649989,2009,7.224739022754848,7.268914521853318,7.199495359763433,7.134765901379223,7.176312247777939
GHA,1443.1615058537573,2010,7.274591476179462,7.224739022754848,7.268914521853318,7.199495359763433,7.134765901379223
GHA,1202.0698599792086,2011,7.091800233189299,7.274591476179462,7.224739022754848,7.268914521853318,7.199495359763433
GHA,1083.9597244593315,2012,6.988376026751531,7.091800233189299,7.274591476179462,7.224739022754848,7.268914521853318
GHA,1066.0772476494312,2013,6.971741067062275,6.988376026751531,7.091800233189299,7.274591476179462,7.224739022754848
GHA,1264.1394215803593,2014,7.142146870507193,6.971741067062275,6.988376026751531,7.091800233189299,7.274591476179462
GHA,972.4533819751814,2015,6.879822138071314,7.142146870507193,6.971741067062275,6.988376026751531,7.091800233189299
GHA,1164.1515024011023,2016,7.059747776523713,6.879822138071314,7.142146870507193,6.971741067062275,6.988376026751531
GHA,1126.8858615159988,2017,7.027213232527657,7.059747776523713,6.879822138071314,7.142146870507193,6.971741067062275
GHA,1218.3570326715708,2018,7.105258535587784,7.027213232527657,7.059747776523713,6.879822138071314,7.142146870507193
GHA,1348.5976925008,2019,7.206820585265946,7.105258535587784,7.027213232527657,7.059747776523713,6.879822138071314
GHA,1180.9560801503249,2020,7.0740796268101,7.206820585265946,7.105258535587784,7.027213232527657,7.059747776523713
GHA,1279.1127819549292,2021,7.153921977483985,7.0740796268101,7.206820585265946,7.105258535587784,7.027213232527657
GHA,1301.834051683545,2022,7.171529358180998,7.153921977483985,7.0740796268101,7.206820585265946,7.105258535587784
GHA,1377.3638675352558,2023,7.227926710397753,7.171529358180998,7.153921977483985,7.0740796268101,7.206820585265946
GHA,1169.4488049440552,2024,7.064287809900665,7.227926710397753,7.171529358180998,7.153921977483985,7.0740796268101
GIN,1459.9358883146197,2005,7.286147801624943,7.278479920871706,,,
GIN,1781.8444693055935,2006,7.485404325493121,7.286147801624943,7.278479920871706,,
GIN,1307.091985987965,2007,7.175560090633521,7.485404325493121,7.286147801624943,7.278479920871706,
GIN,1852.517909307673,2008,7.524301024765979,7.175560090633521,7.485404325493121,7.286147801624943,7.278479920871706
GIN,1623.7829069998115,2009,7.392513833830148,7.524301024765979,7.175560090633521,7.485404325493121,7.286147801624943
GIN,1545.849927331321,2010,7.3433291528517355,7.392513833830148,7.524301024765979,7.175560090633521,7.485404325493121
GIN,1549.8107200020459,2011,7.345888086328799,7.3433291528517355,7.392513833830148,7.524301024765979,7.175560090633521
GIN,1854.092568505992,2012,7.525150673954894,7.345888086328799,7.3433291528517355,7.392513833830148,7.524301024765979
GIN,1909.0429211948067,2013,7.554357307074256,7.525150673954894,7.345888086328799,7.3433291528517355,7.392513833830148
GIN,1707.8069818369113,2014,7.44296535967039,7.554357307074256,7.525150673954894,7.345888086328799,7.3433291528517355
GIN,1549.4617858577985,2015,7.345662914682832,7.44296535967039,7.554357307074256,7.525150673954894,7.345888086328799
GIN,1700.3730011703447,2016,7.4386029184300595,7.345662914682832,7.44296535967039,7.554357307074256,7.525150673954894
GIN,1615.049007779453,2017,7.3871205805706195,7.4386029184300595,7.345662914682832,7.44296535967039,7.554357307074256
GIN,1550.2171639635635,2018,7.346150305882338,7.3871205805706195,7.4386029184300595,7.345662914682832,7.44296535967039
GIN,1808.9286562729976,2019,7.500490046404762,7.346150305882338,7.3871205805706195,7.4386029184300595,7.345662914682832
GIN,1656.2558430293575,2020,7.4123148175950915,7.500490046404762,7.346150305882338,7.3871205805706195,7.4386029184300595
GIN,1699.1053775632754,2021,7.437857143034781,7.4123148175950915,7.500490046404762,7.346150305882338,7.3871205805706195
GIN,1597.424970793967,2022,7.376148218509578,7.437857143034781,7.4123148175950915,7.500490046404762,7.346150305882338
GIN,1536.0424434833694,2023,7.336964545801999,7.376148218509578,7.437857143034781,7.4123148175950915,7.500490046404762
GIN,1722.0515604371903,2024,7.451271626721294,7.336964545801999,7.376148218509578,7.437857143034781,7.4123148175950915
GMB,849.2559432904236,2005,6.7443606052975404,6.477744678702912,,,
GMB,797.3108494866174,2006,6.681244627200409,6.7443606052975404,6.477744678702912,,
GMB,624.5287416856736,2007,6.436997352022473,6.681244627200409,6.7443606052975404,6.477744678702912,
GMB,959.5054871491157,2008,6.866418034190252,6.436997352022473,6.681244627200409,6.7443606052975404,6.477744678702912
GMB,828.0572222787887,2009,6.719082261029694,6.866418034190252,6.436997352022473,6.681244627200409,6.7443606052975404
GMB,884.807266484946,2010,6.785369843307749,6.719082261029694,6.866418034190252,6.436997352022473,6.681244627200409
GMB,659.1224965606816,2011,6.490909399718151,6.785369843307749,6.719082261029694,6.866418034190252,6.436997352022473
GMB,994.8695376836695,2012,6.902611610656029,6.490909399718151,6.785369843307749,6.719082261029694,6.866418034190252
GMB,822.1148184789345,2013,6.711880067149431,6.902611610656029,6.490909399718151,6.785369843307749,6.719082261029694
GMB,629.828856566688,2014,6.445448126236985,6.711880067149431,6.902611610656029,6.490909399718151,6.785369843307749
GMB,749.4882225482725,2015,6.619390603674391,6.445448126236985,6.711880067149431,6.902611610656029,6.490909399718151
GMB,697.9342341423035,2016,6.54812487789685,6.619390603674391,6.445448126236985,6.711880067149431,6.902611610656029
GMB,840.9486466390081,2017,6.734530595848177,6.54812487789685,6.619390603674391,6.445448126236985,6.711880067149431
GMB,661.7687324371655,2018,6.494916148129556,6.734530595848177,6.54812487789685,6.619390603674391,6.445448126236985
GMB,738.7546663428657,2019,6.604965885238925,6.494916148129556,6.734530595848177,6.54812487789685,6.619390603674391
GMB,1038.1990659383591,2020,6.9452428236993695,6.604965885238925,6.494916148129556,6.734530595848177,6.54812487789685
GMB,803.9064038668294,2021,6.689482849301477,6.9452428236993695,6.604965885238925,6.494916148129556,6.734530595848177
GMB,990.5945841157809,2022,6.898305352862573,6.689482849301477,6.9452428236993695,6.604965885238925,6.494916148129556
GMB,848.2893188449088,2023,6.743221755487111,6.898305352862573,6.689482849301477,6.9452428236993695,6.604965885238925
GMB,942.1509512972552,2024,6.848165507276906,6.743221755487111,6.898305352862573,6.689482849301477,6.9452428236993695
GNB,1553.7197810411453,2005,7.348407193587448,7.333288685779647,,,
GNB,1855.1081345751882,2006,7.525698266914062,7.348407193587448,7.333288685779647,,
GNB,1415.8209522562101,2007,7.255464820111933,7.525698266914062,7.348407193587448,7.333288685779647,
GNB,1993.1540632031392,2008,7.597473619384263,7.255464820111933,7.525698266914062,7.348407193587448,7.333288685779647
GNB,1612.4063841672614,2009,7.385482990654213,7.597473619384263,7.255464820111933,7.525698266914062,7.348407193587448
GNB,1513.3374460302293,2010,7.322072720004712,7.385482990654213,7.597473619384263,7.255464820111933,7.525698266914062
GNB,1650.8822604967281,2011,7.409065127323089,7.322072720004712,7.385482990654213,7.597473619384263,7.255464820111933
GNB,2126.899826209643,2012,7.662420717809858,7.409065127323089,7.322072720004712,7.385482990654213,7.597473619384263
GNB,2195.642687354237,2013,7.694230078714026,7.662420717809858,7.409065127323089,7.322072720004712,7.385482990654213
GNB,1854.163137672469,2014,7.525188734526806,7.694230078714026,7.662420717809858,7.409065127323089,7.322072720004712
GNB,1748.1537020774558,2015,7.466315482600104,7.525188734526806,7.694230078714026,7.662420717809858,7.409065127323089
GNB,1905.7215273622423,2016,7.552615970372276,7.466315482600104,7.525188734526806,7.694230078714026,7.662420717809858
GNB,1946.1662444556132,2017,7.573616687902675,7.552615970372276,7.466315482600104,7.525188734526806,7.694230078714026
GNB,1550.1896717157215,2018,7.346132571275688,7.573616687902675,7.552615970372276,7.466315482600104,7.525188734526806
GNB,1886.985685958527,2019,7.542735959732216,7.346132571275688,7.573616687902675,7.552615970372276,7.466315482600104
GNB,1815.4682432585396,2020,7.5040986986928875,7.542735959732216,7.346132571275688,7.573616687902675,7.552615970372276
GNB,1831.3832656033337,2021,7.5128268431432605,7.5040986986928875,7.542735959732216,7.346132571275688,7.573616687902675
GNB,1857.7867668692488,2022,7.527141147916559,7.5128268431432605,7.5040986986928875,7.542735959732216,7.346132571275688
GNB,1691.693347159773,2023,7.433485286837569,7.527141147916559,7.5128268431432605,7.5040986986928875,7.542735959732216
GNB,1867.481631964678,2024,7.532346081330585,7.433485286837569,7.527141147916559,7.5128268431432605,7.5040986986928875
KEN,379.847357100487,2005,5.939769480179828,6.28421285382913,,,
KEN,813.1393801253289,2006,6.700902534122326,5.939769480179828,6.28421285382913,,
KEN,555.9899203516543,2007,6.3207501652223215,6.700902534122326,5.939769480179828,6.28421285382913,
KEN,460.06191806466086,2008,6.131361084913163,6.3207501652223215,6.700902534122326,5.939769480179828,6.28421285382913
KEN,452.08952708781,2009,6.113880228997541,6.131361084913163,6.3207501652223215,6.700902534122326,5.939769480179828
KEN,521.2414975605207,2010,6.2562134613454825,6.113880228997541,6.131361084913163,6.3207501652223215,6.700902534122326
KEN,626.2501558518852,2011,6.43974990126433,6.2562134613454825,6.113880228997541,6.131361084913163,6.3207501652223215
KEN,564.9674045717111,2012,6.33676803845873,6.43974990126433,6.2562134613454825,6.113880228997541,6.131361084913163
KEN,609.1000139495591,2013,6.411982480744358,6.33676803845873,6.43974990126433,6.2562134613454825,6.113880228997541
KEN,489.2630909611471,2014,6.1929003631203585,6.411982480744358,6.33676803845873,6.43974990126433,6.2562134613454825
KEN,547.5612950098875,2015,6.305474409780194,6.1929003631203585,6.411982480744358,6.33676803845873,6.43974990126433
KEN,400.71222013852093,2016,5.993243514153669,6.305474409780194,6.1929003631203585,6.411982480744358,6.33676803845873
KEN,490.9301452996806,2017,6.19630184740773,5.993243514153669,6.305474409780194,6.1929003631203585,6.411982480744358
KEN,778.7531605521217,2018,6.657694128587323,6.19630184740773,5.993243514153669,6.305474409780194,6.1929003631203585
KEN,743.3928806832992,2019,6.611224681120092,6.657694128587323,6.19630184740773,5.993243514153669,6.305474409780194
KEN,763.3401653831825,2020,6.6377037581237675,6.611224681120092,6.657694128587323,6.19630184740773,5.993243514153669
KEN,410.3070217114873,2021,6.016905712905134,6.6377037581237675,6.611224681120092,6.657694128587323,6.19630184740773
KEN,390.64446694916114,2022,5.967797854638777,6.016905712905134,6.6377037581237675,6.611224681120092,6.657694128587323
KEN,812.9184159822762,2023,6.700630755167184,5.967797854638777,6.016905712905134,6.6377037581237675,6.611224681120092
KEN,729.7582925164897,2024,6.5927133731729,6.700630755167184,5.967797854638777,6.016905712905134,6.6377037581237675
LBR,1531.117249429226,2005,7.333752976284572,7.4587570541435655,,,
LBR,1731.3697939515114,2006,7.456668162604026,7.333752976284572,7.4587570541435655,,
LBR,1540.6489525139332,2007,7.339959004380905,7.456668162604026,7.333752976284572,7.4587570541435655,
LBR,2068.6196411550045,2008,7.634636823800979,7.339959004380905,7.456668162604026,7.333752976284572,7.4587570541435655
LBR,1359.9642594456673,2009,7.215213698565415,7.634636823800979,7.339959004380905,7.456668162604026,7.333752976284572
LBR,1957.0394296050072,2010,7.5791881151772715,7.215213698565415,7.634636823800979,7.339959004380905,7.456668162604026
LBR,1578.5532921552658,2011,7.364264068692174,7.5791881151772715,7.215213698565415,7.634636823800979,7.339959004380905
LBR,1766.4963223934174,2012,7.4767533849365275,7.364264068692174,7.5791881151772715,7.215213698565415,7.634636823800979
LBR,1800.0249313414097,2013,7.495555794533563,7.4767533849365275,7.364264068692174,7.5791881151772715,7.215213698565415
LBR,1885.1807568073273,2014,7.541778987490226,7.495555794533563,7.4767533849365275,7.364264068692174,7.5791881151772715
LBR,1543.289681315422,2015,7.341671573767297,7.541778987490226,7.495555794533563,7.4767533849365275,7.364264068692174
LBR,1818.7420408725739,2016,7.50590035475769,7.341671573767297,7.541778987490226,7.495555794533563,7.4767533849365275
LBR,1751.626393377781,2017,7.468300002967283,7.50590035475769,7.341671573767297,7.541778987490226,7.495555794533563
LBR,1767.9241437911987,2018,7.477561337181663,7.468300002967283,7.50590035475769,7.341671573767297,7.541778987490226
LBR,1942.8576074838638,2019,7.571915161814908,7.477561337181663,7.468300002967283,7.50590035475769,7.341671573767297
LBR,1889.4069244861603,2020,7.544018262241074,7.571915161814908,7.477561337181663,7.468300002967283,7.50590035475769
LBR,1829.3501251339912,2021,7.511716059886805,7.544018262241074,7.571915161814908,7.477561337181663,7.468300002967283
LBR,1784.1416927576065,2022,7.486692734177504,7.511716059886805,7.544018262241074,7.571915161814908,7.477561337181663
LBR,1917.7352479696274,2023,7.558900210446178,7.486692734177504,7.511716059886805,7.544018262241074,7.571915161814908
LBR,1801.6803039312363,2024,7.4964750106260825,7.558900210446178,7.486692734177504,7.511716059886805,7.544018262241074
LSO,831.0741613507271,2005,6.722719034376164,6.715700261335881,,,
LSO,1095.6285062879324,2006,6.99908345593318,6.722719034376164,6.715700261335881,,
LSO,723.2630428820848,2007,6.5837729774054745,6.99908345593318,6.722719034376164,6.715700261335881,
LSO,818.1386948488653,2008,6.707031875835129,6.5837729774054745,6.99908345593318,6.722719034376164,6.715700261335881
LSO,935.5804753303528,2009,6.8411671658842685,6.707031875835129,6.5837729774054745,6.99908345593318,6.722719034376164
LSO,872.7729292660952,2010,6.7716754180732535,6.8411671658842685,6.707031875835129,6.5837729774054745,6.99908345593318
LSO,853.5785810947418,2011,6.749437607234511,6.7716754180732535,6.8411671658842685,6.707031875835129,6.5837729774054745
LSO,818.0996525585651,2012,6.7069841538264505,6.749437607234511,6.7716754180732535,6.8411671658842685,6.707031875835129
LSO,753.1013250648975,2013,6.6241997805864345,6.7069841538264505,6.749437607234511,6.7716754180732535,6.8411671658842685
LSO,622.9548649713397,2014,6.434474068283909,6.6241997805864345,6.7069841538264505,6.749437607234511,6.7716754180732535
LSO,471.91412830352783,2015,6.156797037473679,6.434474068283909,6.6241997805864345,6.7069841538264505,6.749437607234511
LSO,687.1063801944256,2016,6.5324891276793,6.156797037473679,6.434474068283909,6.6241997805864345,6.7069841538264505
LSO,750.8371288664639,2017,6.621188755895676,6.5324891276793,6.156797037473679,6.434474068283909,6.6241997805864345
LSO,672.2563545256853,2018,6.51063974772711,6.621188755895676,6.5324891276793,6.156797037473679,6.434474068283909
LSO,681.6010861452669,2019,6.524444569036822,6.51063974772711,6.621188755895676,6.5324891276793,6.156797037473679
LSO,783.6384689416736,2020,6.663947777440262,6.524444569036822,6.51063974772711,6.621188755895676,6.5324891276793
LSO,725.9146584235132,2021,6.587432457534373,6.663947777440262,6.524444569036822,6.51063974772711,6.621188755895676
LSO,959.9203554987907,2022,6.866850317998167,6.587432457534373,6.663947777440262,6.524444569036822,6.51063974772711
LSO,755.5360186845064,2023,6.627427455870217,6.866850317998167,6.587432457534373,6.663947777440262,6.524444569036822
LSO,671.8778796829283,2024,6.51007659734655,6.627427455870217,6.866850317998167,6.587432457534373,6.663947777440262
MDG,1490.4224301063352,2005,7.30681486889658,7.469573452896188,,,
MDG,1508.6310840745766,2006,7.318957951790698,7.30681486889658,7.469573452896188,,
MDG,1682.345826778147,2007,7.427944423904622,7.318957951790698,7.30681486889658,7.469573452896188,
MDG,1336.1029742550518,2008,7.1975124276645595,7.427944423904622,7.318957951790698,7.30681486889658,7.469573452896188
MDG,1338.9726031257046,2009,7.199657884784093,7.1975124276645595,7.427944423904622,7.318957951790698,7.30681486889658
MDG,1263.5103952768777,2010,7.141649154160354,7.199657884784093,7.1975124276645595,7.427944423904622,7.318957951790698
MDG,1336.5250923374615,2011,7.1978283100660025,7.141649154160354,7.199657884784093,7.1975124276645595,7.427944423904622
MDG,1566.919309237144,2012,7.356866747244046,7.1978283100660025,7.141649154160354,7.199657884784093,7.1975124276645595
MDG,1307.4919179297156,2013,7.175866014604268,7.356866747244046,7.1978283100660025,7.141649154160354,7.199657884784093
MDG,1276.5621521307362,2014,7.151925924983699,7.175866014604268,7.356866747244046,7.1978283100660025,7.141649154160354
MDG,1557.377750199702,2015,7.350758756537495,7.151925924983699,7.175866014604268,7.356866747244046,7.1978283100660025
MDG,1198.3074270122581,2016,7.088665362626585,7.350758756537495,7.151925924983699,7.175866014604268,7.356866747244046
MDG,1464.7208917886019,2017,7.2894199857499515,7.088665362626585,7.350758756537495,7.151925924983699,7.175866014604268
MDG,1292.3724379081073,2018,7.164234907437038,7.2894199857499515,7.088665362626585,7.350758756537495,7.151925924983699
MDG,1497.676089113785,2019,7.311669911800322,7.164234907437038,7.2894199857499515,7.088665362626585,7.350758756537495
MDG,1253.155628780731,2020,7.13342015211602,7.311669911800322,7.164234907437038,7.2894199857499515,7.088665362626585
MDG,1085.8084950964485,2021,6.990080145254015,7.13342015211602,7.311669911800322,7.164234907437038,7.2894199857499515
MDG,1333.519535018338,2022,7.195576992947341,6.990080145254015,7.13342015211602,7.311669911800322,7.164234907437038
MDG,1362.09963772032,2023,7.216782639481834,7.195576992947341,6.990080145254015,7.13342015211602,7.311669911800322
MDG,1238.7610498269917,2024,7.121867005747292,7.216782639481834,7.195576992947341,6.990080145254015,7.13342015211602
MLI,336.89475356653566,2005,5.819770577618458,5.72478067309436,,,
MLI,340.5874096120601,2006,5.830671802225507,5.819770577618458,5.72478067309436,,
MLI,329.97950454078926,2007,5.799030545079624,5.830671802225507,5.819770577618458,5.72478067309436,
MLI,384.23604739270604,2008,5.951257070484759,5.799030545079624,5.830671802225507,5.819770577618458,5.72478067309436
MLI,346.44607005168956,2009,5.8477271645300215,5.951257070484759,5.799030545079624,5.830671802225507,5.819770577618458
MLI,404.8142584610837,2010,6.00342834082398,5.8477271645300215,5.951257070484759,5.799030545079624,5.830671802225507
MLI,331.62570990626966,2011,5.804006953145457,6.00342834082398,5.8477271645300215,5.951257070484759,5.799030545079624
MLI,457.2741708433348,2012,6.125283147204285,5.804006953145457,6.00342834082398,5.8477271645300215,5.951257070484759
MLI,378.7379565554335,2013,5.936844558444573,6.125283147204285,5.804006953145457,6.00342834082398,5.8477271645300215
MLI,355.7145959087528,2014,5.874128712435698,5.936844558444573,6.125283147204285,5.804006953145457,6.00342834082398
MLI,375.17119617987987,2015,5.92738244494177,5.874128712435698,5.936844558444573,6.125283147204285,5.804006953145457
MLI,390.2312941027947,2016,5.966739625134079,5.92738244494177,5.874128712435698,5.936844558444573,6.125283147204285
MLI,364.2575265325657,2017,5.897861107957417,5.966739625134079,5.92738244494177,5.874128712435698,5.936844558444573
MLI,379.48614064536247,2018,5.938818076130241,5.897861107957417,5.966739625134079,5.92738244494177,5.874128712435698
MLI,381.5250230599212,2019,5.944176439818379,5.938818076130241,5.897861107957417,5.966739625134079,5.92738244494177
MLI,416.255227023496,2020,6.031298598629614,5.944176439818379,5.938818076130241,5.897861107957417,5.966739625134079
MLI,357.814740997057,2021,5.88001536921159,6.031298598629614,5.944176439818379,5.938818076130241,5.897861107957417
MLI,395.3788389135683,2022,5.979844391129275,5.88001536921159,6.031298598629614,5.944176439818379,5.938818076130241
MLI,339.71035202578616,2023,5.828093348725724,5.979844391129275,5.88001536921159,6.031298598629614,5.944176439818379
MLI,427.4913927110675,2024,6.057934154164924,5.828093348725724,5.979844391129275,5.88001536921159,6.031298598629614
MOZ,860.9842571284001,2005,6.758076219856853,7.028274781274358,,,
MOZ,1042.6782579008077,2006,6.949547929847839,6.758076219856853,7.028274781274358,,
MOZ,1279.452818568382,2007,7.154187780022239,6.949547929847839,6.758076219856853,7.028274781274358,
MOZ,1010.3850430072182,2008,6.918086767885561,7.154187780022239,6.949547929847839,6.758076219856853,7.028274781274358
MOZ,939.2269742240509,2009,6.845057169087357,6.918086767885561,7.154187780022239,6.949547929847839,6.758076219856853
MOZ,946.7776600217653,2010,6.853064282116173,6.845057169087357,6.918086767885561,7.154187780022239,6.949547929847839
MOZ,948.1378696171773,2011,6.854499923766431,6.853064282116173,6.845057169087357,6.918086767885561,7.154187780022239
MOZ,990.2141426644391,2012,6.897921225459582,6.854499923766431,6.853064282116173,6.845057169087357,6.918086767885561
MOZ,1131.9481222679217,2013,7.031695429327748,6.897921225459582,6.854499923766431,6.853064282116173,6.845057169087357
MOZ,1013.2090768896871,2014,6.920877876723088,7.031695429327748,6.897921225459582,6.854499923766431,6.853064282116173
MOZ,883.0015821643174,2015,6.783326992407924,6.920877876723088,7.031695429327748,6.897921225459582,6.854499923766431
MOZ,872.1601695425602,2016,6.770973087709825,6.783326992407924,6.920877876723088,7.031695429327748,6.897921225459582
MOZ,1176.8521032830079,2017,7.070598443700548,6.770973087709825,6.783326992407924,6.920877876723088,7.031695429327748
MOZ,991.2604727653993,2018,6.898977338104242,7.070598443700548,6.770973087709825,6.783326992407924,6.920877876723088
MOZ,1045.4607514159547,2019,6.952212977672352,6.898977338104242,7.070598443700548,6.770973087709825,6.783326992407924
MOZ,878.0365570427643,2020,6.777688229491298,6.952212977672352,6.898977338104242,7.070598443700548,6.770973087709825
MOZ,882.9194860644639,2021,6.783234014186655,6.777688229491298,6.952212977672352,6.898977338104242,7.070598443700548
MOZ,1033.0335294818506,2022,6.940254926948977,6.783234014186655,6.777688229491298,6.952212977672352,6.898977338104242
MOZ,1063.7436018126707,2023,6.969549665122299,6.940254926948977,6.783234014186655,6.777688229491298,6.952212977672352
MOZ,697.1743968262131,2024,6.547035590117597,6.969549665122299,6.940254926948977,6.783234014186655,6.777688229491298
MRT,156.5488900852312,2005,5.053368357905258,4.732440249933514,,,
MRT,137.03210593302114,2006,4.920215248248549,5.053368357905258,4.732440249933514,,
MRT,109.89509743516878,2007,4.699526251089425,4.920215248248549,5.053368357905258,4.732440249933514,
MRT,147.98808167599927,2008,4.9971317413052425,4.699526251089425,4.920215248248549,5.053368357905258,4.732440249933514
MRT,173.16577322297573,2009,5.154249362414026,4.9971317413052425,4.699526251089425,4.920215248248549,5.053368357905258
MRT,215.52865552318448,2010,5.3730938729691315,5.154249362414026,4.9971317413052425,4.699526251089425,4.920215248248549
MRT,113.83383802198126,2011,4.734739823908145,5.3730938729691315,5.154249362414026,4.9971317413052425,4.699526251089425
MRT,179.41871514841915,2012,5.189722264966377,4.734739823908145,5.3730938729691315,5.154249362414026,4.9971317413052425
MRT,149.55791782163968,2013,5.007683727984986,5.189722264966377,4.734739823908145,5.3730938729691315,5.154249362414026
MRT,116.27396994811266,2014,4.755949216314634,5.007683727984986,5.189722264966377,4.734739823908145,5.3730938729691315
MRT,153.48217410483605,2015,5.033584430673498,4.755949216314634,5.007683727984986,5.189722264966377,4.734739823908145
MRT,153.90495728209692,2016,5.036335251385828,5.033584430673498,4.755949216314634,5.007683727984986,5.189722264966377
MRT,130.09703510168086,2017,4.868280595878923,5.036335251385828,5.033584430673498,4.755949216314634,5.007683727984986
MRT,159.7576729513244,2018,5.073658123098399,4.868280595878923,5.036335251385828,5.033584430673498,4.755949216314634
MRT,119.23300290121696,2019,4.7810795862864826,5.073658123098399,4.868280595878923,5.036335251385828,5.033584430673498
MRT,173.51270948964472,2020,5.156250850246625,4.7810795862864826,5.073658123098399,4.868280595878923,5.036335251385828
MRT,126.95365734260122,2021,4.843822117051195,5.156250850246625,4.7810795862864826,5.073658123098399,4.868280595878923
MRT,177.9206564763202,2022,5.1813377007829295,4.843822117051195,5.156250850246625,4.7810795862864826,5.073658123098399
MRT,134.60186251461656,2023,4.902321254519175,5.1813377007829295,4.843822117051195,5.156250850246625,4.7810795862864826
MRT,167.43503005076826,2024,5.120595395726181,4.902321254519175,5.1813377007829295,4.843822117051195,5.156250850246625
MWI,897.4001733064651,2005,6.799501886662507,7.184166269390632,,,
MWI,1312.6690655043349,2006,7.179817797983076,6.799501886662507,7.184166269390632,,
MWI,1204.312205735594,2007,7.093663899343857,7.179817797983076,6.799501886662507,7.184166269390632,
MWI,1197.7329455632716,2008,7.088185836933637,7.093663899343857,7.179817797983076,6.799501886662507,7.184166269390632
MWI,1140.7149368368555,2009,7.03941048239614,7.088185836933637,7.093663899343857,7.179817797983076,6.799501886662507
MWI,1043.4461553823203,2010,6.950284125168986,7.03941048239614,7.088185836933637,7.093663899343857,7.179817797983076
MWI,1132.9574202690274,2011,7.032586678917595,6.950284125168986,7.03941048239614,7.088185836933637,7.093663899343857
MWI,1040.152546714875,2012,6.947122660912561,7.032586678917595,6.950284125168986,7.03941048239614,7.088185836933637
MWI,1105.1874832995236,2013,7.007770267704207,6.947122660912561,7.032586678917595,6.950284125168986,7.03941048239614
MWI,1052.7990725189447,2014,6.959207679604617,7.007770267704207,6.947122660912561,7.032586678917595,6.950284125168986
MWI,972.4326609559357,2015,6.879800829862207,6.959207679604617,7.007770267704207,6.947122660912561,7.032586678917595
MWI,984.3411461259238,2016,6.891972530185449,6.879800829862207,6.959207679604617,7.007770267704207,6.947122660912561
MWI,1269.8672844171524,2017,7.146667673533148,6.891972530185449,6.879800829862207,6.959207679604617,7.007770267704207
MWI,1144.5696970112622,2018,7.042784034883375,7.146667673533148,6.891972530185449,6.879800829862207,6.959207679604617
MWI,1288.4229237344116,2019,7.161174209703613,7.042784034883375,7.146667673533148,6.891972530185449,6.879800829862207
MWI,850.5192186558379,2020,6.74584700847166,7.161174209703613,7.042784034883375,7.146667673533148,6.891972530185449
MWI,687.3207407656009,2021,6.532801054837378,6.74584700847166,7.161174209703613,7.042784034883375,7.146667673533148
MWI,980.0014663035981,2022,6.88755406789166,6.532801054837378,6.74584700847166,7.161174209703613,7.042784034883375
MWI,935.9214610030176,2023,6.841531563772209,6.88755406789166,6.532801054837378,6.74584700847166,7.161174209703613
MWI,779.9946620208211,2024,6.65928707609717,6.841531563772209,6.88755406789166,6.532801054837378,6.74584700847166
NAM,266.19298853979456,2005,5.584221566544991,5.7584324954672725,,,
NAM,549.4180015273265,2006,6.308859538918574,5.584221566544991,5.7584324954672725,,
NAM,177.63525913725607,2007,5.179732342031607,6.308859538918574,5.584221566544991,5.7584324954672725,
NAM,418.3148120366545,2008,6.036234287901686,5.179732342031607,6.308859538918574,5.584221566544991,5.7584324954672725
NAM,472.3521036402619,2009,6.157724689767758,6.036234287901686,5.179732342031607,6.308859538918574,5.584221566544991
NAM,289.7840037270084,2010,5.669135830733766,6.157724689767758,6.036234287901686,5.179732342031607,6.308859538918574
NAM,511.3684897013194,2011,6.23709044520068,5.669135830733766,6.157724689767758,6.036234287901686,5.179732342031607
NAM,346.0779182297019,2012,5.846663946900312,6.23709044520068,5.669135830733766,6.157724689767758,6.036234287901686
NAM,203.3962195897898,2013,5.315155897354174,5.846663946900312,6.23709044520068,5.669135830733766,6.157724689767758
NAM,309.8802210604772,2014,5.736185839137906,5.315155897354174,5.846663946900312,6.23709044520068,5.669135830733766
NAM,171.20936815535376,2015,5.142887182744136,5.736185839137906,5.315155897354174,5.846663946900312,6.23709044520068
NAM,212.7492901023308,2016,5.360114430678614,5.142887182744136,5.736185839137906,5.315155897354174,5.846663946900312
NAM,334.3456301822708,2017,5.812175278823644,5.360114430678614,5.142887182744136,5.736185839137906,5.315155897354174
NAM,193.34833875141868,2018,5.264493426092002,5.812175278823644,5.360114430678614,5.142887182744136,5.736185839137906
NAM,170.95452538695693,2019,5.141397587726492,5.264493426092002,5.812175278823644,5.360114430678614,5.142887182744136
NAM,231.10111259296536,2020,5.442855331604382,5.141397587726492,5.264493426092002,5.812175278823644,5.360114430678614
NAM,270.6013141307472,2021,5.600646572083902,5.442855331604382,5.141397587726492,5.264493426092002,5.812175278823644
NAM,278.3659401099854,2022,5.6289365794169655,5.600646572083902,5.442855331604382,5.141397587726492,5.264493426092002
NAM,216.50190265853996,2023,5.377599335665082,5.6289365794169655,5.600646572083902,5.442855331604382,5.141397587726492
NAM,199.76398421580433,2024,5.297136590785656,5.377599335665082,5.6289365794169655,5.600646572083902,5.442855331604382
NER,224.12346432682057,2005,5.412197080041569,5.1132879467282795,,,
NER,202.3055982382989,2006,5.309779416743351,5.412197080041569,5.1132879467282795,,
NER,220.90768916275033,2007,5.397744918162287,5.309779416743351,5.412197080041569,5.1132879467282795,
NER,206.77061847346062,2008,5.331610055526165,5.397744918162287,5.309779416743351,5.412197080041569,5.1132879467282795
NER,183.18759323561562,2009,5.210510727433742,5.331610055526165,5.397744918162287,5.309779416743351,5.412197080041569
NER,259.7808893173618,2010,5.559838542321349,5.210510727433742,5.331610055526165,5.397744918162287,5.309779416743351
NER,172.18571694211423,2011,5.148573643966513,5.559838542321349,5.210510727433742,5.331610055526165,5.397744918162287
NER,258.8131863992162,2012,5.5561065134122565,5.148573643966513,5.559838542321349,5.210510727433742,5.331610055526165
NER,204.41281776923097,2013,5.32014156560622,5.5561065134122565,5.148573643966513,5.559838542321349,5.210510727433742
NER,193.91377813527333,2014,5.267413617667758,5.32014156560622,5.5561065134122565,5.148573643966513,5.559838542321349
NER,208.7997826045048,2015,5.3413758148417765,5.267413617667758,5.32014156560622,5.5561065134122565,5.148573643966513
NER,225.83597080698792,2016,5.41980894286768,5.3413758148417765,5.267413617667758,5.32014156560622,5.5561065134122565
NER,213.02979480081083,2017,5.36143203762084,5.41980894286768,5.3413758148417765,5.267413617667758,5.32014156560622
NER,247.15304421648926,2018,5.5100077569600945,5.36143203762084,5.41980894286768,5.3413758148417765,5.267413617667758
NER,255.47892365470852,2019,5.543139915652999,5.5100077569600945,5.36143203762084,5.41980894286768,5.3413758148417765
NER,283.32124261769513,2020,5.646581386791712,5.543139915652999,5.5100077569600945,5.36143203762084,5.41980894286768
NER,199.75603117745595,2021,5.297096777819882,5.646581386791712,5.543139915652999,5.5100077569600945,5.36143203762084
NER,243.48481285576736,2022,5.4950545703753555,5.297096777819882,5.646581386791712,5.543139915652999,5.5100077569600945
NER,212.30003036804055,2023,5.358000511752255,5.4950545703753555,5.297096777819882,5.646581386791712,5.543139915652999
NER,343.767558250231,2024,5.839965726222443,5.358000511752255,5.4950545703753555,5.297096777819882,5.646581386791712
NGA,1267.4527969531111,2005,7.144764493709238,7.143648798551716,,,
NGA,1389.2795774186327,2006,7.2365406021393595,7.144764493709238,7.143648798551716,,
NGA,1371.3933876528913,2007,7.22358257323509,7.2365406021393595,7.144764493709238,7.143648798551716,
NGA,1351.044994798743,2008,7.2086336422159265,7.22358257323509,7.2365406021393595,7.144764493709238,7.143648798551716
NGA,1381.9355088532056,2009,7.231240338154255,7.2086336422159265,7.22358257323509,7.2365406021393595,7.144764493709238
NGA,1417.683462493873,2010,7.2567794540304185,7.231240338154255,7.2086336422159265,7.22358257323509,7.2365406021393595
NGA,1206.750661318111,2011,7.095686622556289,7.2567794540304185,7.231240338154255,7.2086336422159265,7.22358257323509
NGA,1459.0046990786425,2012,7.285509769270609,7.095686622556289,7.2567794540304185,7.231240338154255,7.2086336422159265
NGA,1224.1247818470424,2013,7.109981403829602,7.285509769270609,7.095686622556289,7.2567794540304185,7.231240338154255
NGA,1289.9775954700626,2014,7.16238012935223,7.109981403829602,7.285509769270609,7.095686622556289,7.2567794540304185
NGA,1039.6933572181044,2015,6.946681099830211,7.16238012935223,7.109981403829602,7.285509769270609,7.095686622556289
NGA,1324.1758822864715,2016,7.188545569280385,6.946681099830211,7.16238012935223,7.109981403829602,7.285509769270609
NGA,1257.0610492054204,2017,7.136531774797859,7.188545569280385,6.946681099830211,7.16238012935223,7.109981403829602
NGA,1303.363015620038,2018,7.172703138184996,7.136531774797859,7.188545569280385,6.946681099830211,7.16238012935223
NGA,1337.11038369823,2019,7.198266134425654,7.172703138184996,7.136531774797859,7.188545569280385,6.946681099830211
NGA,1291.0847956351988,2020,7.163238070823824,7.198266134425654,7.172703138184996,7.136531774797859,7.188545569280385
NGA,1103.6537371234842,2021,7.006381533730615,7.163238070823824,7.198266134425654,7.172703138184996,7.136531774797859
NGA,1204.7504970524353,2022,7.094027768097601,7.006381533730615,7.163238070823824,7.198266134425654,7.172703138184996
NGA,1227.102594392494,2023,7.112411055227267,7.094027768097601,7.006381533730615,7.163238070823824,7.198266134425654
NGA,1149.3091503949333,2024,7.046916302054437,7.112411055227267,7.094027768097601,7.006381533730615,7.163238070823824
RWA,1769.1871752738953,2005,7.478275497083597,7.601925614600778,,,
RWA,2049.7810208797455,2006,7.625488247343839,7.478275497083597,7.601925614600778,,
RWA,1901.5284881591797,2007,7.550413309196228,7.625488247343839,7.478275497083597,7.601925614600778,
RWA,1857.571917295456,2008,7.5270254930943485,7.550413309196228,7.625488247343839,7.478275497083597,7.601925614600778
RWA,1731.3145904541016,2009,7.456636277805248,7.5270254930943485,7.550413309196228,7.625488247343839,7.478275497083597
RWA,2033.5326172113419,2010,7.617529765155371,7.456636277805248,7.5270254930943485,7.550413309196228,7.625488247343839
RWA,2031.7475481033325,2011,7.616651562842052,7.617529765155371,7.456636277805248,7.5270254930943485,7.550413309196228
RWA,1890.6031517982483,2012,7.544651185078781,7.616651562842052,7.617529765155371,7.456636277805248,7.5270254930943485
RWA,1636.4249114990234,2013,7.40026920929492,7.544651185078781,7.616651562842052,7.617529765155371,7.456636277805248
RWA,1593.1405225992203,2014,7.373462518573988,7.40026920929492,7.544651185078781,7.616651562842052,7.617529765155371
RWA,1862.768835067749,2015,7.5298192808135305,7.373462518573988,7.40026920929492,7.544651185078781,7.616651562842052
RWA,1731.7943134307861,2016,7.456913325390563,7.5298192808135305,7.373462518573988,7.40026920929492,7.544651185078781
RWA,1555.472497701645,2017,7.349534635500992,7.456913325390563,7.5298192808135305,7.373462518573988,7.40026920929492
RWA,1737.2951283454895,2018,7.460084658743208,7.349534635500992,7.456913325390563,7.5298192808135305,7.373462518573988
RWA,1591.7327573299408,2019,7.372578486314474,7.460084658743208,7.349534635500992,7.456913325390563,7.5298192808135305
RWA,1549.488000512123,2020,7.345679833094637,7.372578486314474,7.460084658743208,7.349534635500992,7.456913325390563
RWA,1482.3404893875122,2021,7.301377529391657,7.345679833094637,7.372578486314474,7.460084658743208,7.349534635500992
RWA,1677.7722787857056,2022,7.425222167916481,7.301377529391657,7.345679833094637,7.372578486314474,7.460084658743208
RWA,1502.9315779209137,2023,7.315172865044694,7.425222167916481,7.301377529391657,7.345679833094637,7.372578486314474
RWA,1514.091550707817,2024,7.322570901593114,7.315172865044694,7.425222167916481,7.301377529391657,7.345679833094637
SDN,303.7154405439817,2005,5.716091212194888,5.576320744921739,,,
SDN,347.5810192165965,2006,5.850997786654621,5.716091212194888,5.576320744921739,,
SDN,376.54306407416556,2007,5.9310324207101175,5.850997786654621,5.716091212194888,5.576320744921739,
SDN,299.07034286899784,2008,5.700678806152721,5.9310324207101175,5.850997786654621,5.716091212194888,5.576320744921739
SDN,262.2133168191374,2009,5.569158358823788,5.700678806152721,5.9310324207101175,5.850997786654621,5.716091212194888
SDN,312.78171845337863,2010,5.74550556212105,5.569158358823788,5.700678806152721,5.9310324207101175,5.850997786654621
SDN,282.6388784802478,2011,5.6441700350280435,5.74550556212105,5.569158358823788,5.700678806152721,5.9310324207101175
SDN,318.1172121732842,2012,5.762419906606817,5.6441700350280435,5.74550556212105,5.569158358823788,5.700678806152721
SDN,309.69737602249563,2013,5.73559561430037,5.762419906606817,5.6441700350280435,5.74550556212105,5.569158358823788
SDN,356.4347348841781,2014,5.876151151241015,5.73559561430037,5.762419906606817,5.6441700350280435,5.74550556212105
SDN,292.68384789661746,2015,5.6790930090409875,5.876151151241015,5.73559561430037,5.762419906606817,5.6441700350280435
SDN,343.82225223680166,2016,5.840124815219551,5.6790930090409875,5.876151151241015,5.73559561430037,5.762419906606817
SDN,347.2924220594693,2017,5.850167139930836,5.840124815219551,5.6790930090409875,5.876151151241015,5.73559561430037
SDN,370.68274365197107,2018,5.915346558363622,5.850167139930836,5.840124815219551,5.6790930090409875,5.876151151241015
SDN,382.0062765859759,2019,5.94543703932493,5.915346558363622,5.850167139930836,5.840124815219551,5.6790930090409875
SDN,385.29056767778246,2020,5.953997770869918,5.94543703932493,5.915346558363622,5.850167139930836,5.840124815219551
SDN,324.1906539829863,2021,5.781331780949541,5.953997770869918,5.94543703932493,5.915346558363622,5.850167139930836
SDN,378.3183845778003,2022,5.935736128337607,5.781331780949541,5.953997770869918,5.94543703932493,5.915346558363622
SDN,307.6792667260715,2023,5.729057898602033,5.935736128337607,5.781331780949541,5.953997770869918,5.94543703932493
SDN,323.1448912600511,2024,5.778100802393317,5.729057898602033,5.935736128337607,5.781331780949541,5.953997770869918
SEN,693.6108615485331,2005,6.541911085015769,6.294311704180533,,,
SEN,596.9380697476832,2006,6.39181337224565,6.541911085015769,6.294311704180533,,
SEN,508.7147822329619,2007,6.231887510248591,6.39181337224565,6.541911085015769,6.294311704180533,
SEN,716.6494881066805,2008,6.57458686208261,6.231887510248591,6.39181337224565,6.541911085015769,6.294311704180533
SEN,710.0854016339096,2009,6.565385246793244,6.57458686208261,6.231887510248591,6.39181337224565,6.541911085015769
SEN,769.2834233512791,2010,6.64545946252869,6.565385246793244,6.57458686208261,6.231887510248591,6.39181337224565
SEN,554.0471313395537,2011,6.317249757748777,6.64545946252869,6.565385246793244,6.57458686208261,6.231887510248591
SEN,748.0115479701975,2012,6.617418416318136,6.317249757748777,6.64545946252869,6.565385246793244,6.57458686208261
SEN,680.4634334875736,2013,6.522774085875638,6.617418416318136,6.317249757748777,6.64545946252869,6.565385246793244
SEN,510.12242751203786,2014,6.234650750855206,6.522774085875638,6.617418416318136,6.317249757748777,6.64545946252869
SEN,609.5726619250103,2015,6.412758157443289,6.234650750855206,6.522774085875638,6.617418416318136,6.317249757748777
SEN,590.0448107757451,2016,6.380198484483039,6.412758157443289,6.234650750855206,6.522774085875638,6.617418416318136
SEN,653.3583458957534,2017,6.4821257473579355,6.380198484483039,6.412758157443289,6.234650750855206,6.522774085875638
SEN,577.0163118264949,2018,6.357870536171758,6.4821257473579355,6.380198484483039,6.412758157443289,6.234650750855206
SEN,587.2667539474982,2019,6.375479152629719,6.357870536171758,6.4821257473579355,6.380198484483039,6.412758157443289
SEN,795.5852361993166,2020,6.67907798999431,6.375479152629719,6.357870536171758,6.4821257473579355,6.380198484483039
SEN,676.5860758566996,2021,6.5170596765556255,6.67907798999431,6.375479152629719,6.357870536171758,6.4821257473579355
SEN,764.340344885597,2022,6.639013167569782,6.5170596765556255,6.67907798999431,6.375479152629719,6.357870536171758
SEN,651.5671698589189,2023,6.479380491571101,6.639013167569782,6.5170596765556255,6.67907798999431,6.375479152629719
SEN,692.9631718997844,2024,6.54097685477601,6.479380491571101,6.639013167569782,6.5170596765556255,6.67907798999431
SLE,1948.3868886828423,2005,7.574757072635902,7.620948822182387,,,
SLE,2405.9651718586683,2006,7.785706420893139,7.574757072635902,7.620948822182387,,
SLE,1680.8447979595512,2007,7.427051801935935,7.785706420893139,7.574757072635902,7.620948822182387,
SLE,2337.700185254216,2008,7.75692289824635,7.427051801935935,7.785706420893139,7.574757072635902,7.620948822182387
SLE,1770.8724834248424,2009,7.479227632607148,7.75692289824635,7.427051801935935,7.785706420893139,7.574757072635902
SLE,1786.5077306181192,2010,7.488018004696262,7.479227632607148,7.75692289824635,7.427051801935935,7.785706420893139
SLE,1919.8796829283237,2011,7.560017797916787,7.488018004696262,7.479227632607148,7.75692289824635,7.427051801935935
SLE,2287.752783447504,2012,7.73532529746943,7.560017797916787,7.488018004696262,7.479227632607148,7.75692289824635
SLE,2346.9602729156613,2013,7.760876268956874,7.73532529746943,7.560017797916787,7.488018004696262,7.479227632607148
SLE,2507.265447586775,2014,7.826947975116663,7.760876268956874,7.73532529746943,7.560017797916787,7.488018004696262
SLE,1827.6059613376856,2015,7.510762171523195,7.826947975116663,7.760876268956874,7.73532529746943,7.560017797916787
SLE,2069.8223766982555,2016,7.6352180742193365,7.510762171523195,7.826947975116663,7.760876268956874,7.73532529746943
SLE,2194.540817372501,2017,7.693728108806077,7.6352180742193365,7.510762171523195,7.826947975116663,7.760876268956874
SLE,1878.4421305470169,2018,7.538198058336158,7.693728108806077,7.6352180742193365,7.510762171523195,7.826947975116663
SLE,2358.7340047787875,2019,7.765880315431908,7.538198058336158,7.693728108806077,7.6352180742193365,7.510762171523195
SLE,2083.8706275969744,2020,7.641982322058076,7.765880315431908,7.538198058336158,7.693728108806077,7.6352180742193365
SLE,2034.370720475912,2021,7.617941821788411,7.641982322058076,7.765880315431908,7.538198058336158,7.693728108806077
SLE,1955.4584226161242,2022,7.578379932203298,7.617941821788411,7.641982322058076,7.765880315431908,7.538198058336158
SLE,2274.8131110966206,2023,7.7296531790421215,7.578379932203298,7.617941821788411,7.641982322058076,7.765880315431908
SLE,2107.4140013083816,2024,7.653216883021302,7.7296531790421215,7.578379932203298,7.617941821788411,7.641982322058076
SOM,287.79661128369895,2005,5.662254019831129,6.1416649640486245,,,
SOM,514.6595951568868,2006,6.243505701842075,5.662254019831129,6.1416649640486245,,
SOM,320.21819736342877,2007,5.76900263018897,6.243505701842075,5.662254019831129,6.1416649640486245,
SOM,282.984499312272,2008,5.645392123395,5.76900263018897,6.243505701842075,5.662254019831129,6.1416649640486245
SOM,364.3918204090026,2009,5.8982297183967765,5.645392123395,5.76900263018897,6.243505701842075,5.662254019831129
SOM,326.0418389110959,2010,5.787025713349892,5.8982297183967765,5.645392123395,5.76900263018897,6.243505701842075
SOM,394.50843296539307,2011,5.97764051639559,5.787025713349892,5.8982297183967765,5.645392123395,5.76900263018897
SOM,440.2063014515276,2012,6.087243483963841,5.97764051639559,5.787025713349892,5.8982297183967765,5.645392123395
SOM,505.9891035846834,2013,6.226515134637975,6.087243483963841,5.97764051639559,5.787025713349892,5.8982297183967765
SOM,380.26778870667994,2014,5.940875711653803,6.226515134637975,6.087243483963841,5.97764051639559,5.787025713349892
SOM,426.5619067264987,2015,6.055757506988087,5.940875711653803,6.226515134637975,6.087243483963841,5.97764051639559
SOM,260.92260572836466,2016,5.564223833572665,6.055757506988087,5.940875711653803,6.226515134637975,6.087243483963841
SOM,333.04495100171437,2017,5.808277468863521,5.564223833572665,6.055757506988087,5.940875711653803,6.226515134637975
SOM,424.9121820115085,2018,6.051882517012225,5.808277468863521,5.564223833572665,6.055757506988087,5.940875711653803
SOM,447.1324872161661,2019,6.102854942680617,6.051882517012225,5.808277468863521,5.564223833572665,6.055757506988087
SOM,404.5341648815998,2020,6.002736194938259,6.102854942680617,6.051882517012225,5.808277468863521,5.564223833572665
SOM,287.98588986269067,2021,5.6629114854033995,6.002736194938259,6.102854942680617,6.051882517012225,5.808277468863521
SOM,300.5906692892313,2022,5.705749436548463,5.6629114854033995,6.002736194938259,6.102854942680617,6.051882517012225
SOM,471.48232283389996,2023,6.1558816100322,5.705749436548463,5.6629114854033995,6.002736194938259,6.102854942680617
SOM,361.1402309904141,2024,5.889266334402123,6.1558816100322,5.705749436548463,5.6629114854033995,6.002736194938259
SWZ,723.9917469471693,2005,6.584779993076503,6.804861562081077,,,
SWZ,1071.5421680808067,2006,6.9768541683910765,6.584779993076503,6.804861562081077,,
SWZ,678.6466553490609,2007,6.520100602343207,6.9768541683910765,6.584779993076503,6.804861562081077,
SWZ,720.5590075701475,2008,6.58002731017098,6.520100602343207,6.9768541683910765,6.584779993076503,6.804861562081077
SWZ,937.1386569440365,2009,6.842831250953305,6.58002731017098,6.520100602343207,6.9768541683910765,6.584779993076503
SWZ,884.8917213082314,2010,6.785465288718446,6.842831250953305,6.58002731017098,6.520100602343207,6.9768541683910765
SWZ,731.0065326392651,2011,6.594422396288869,6.785465288718446,6.842831250953305,6.58002731017098,6.520100602343207
SWZ,881.9149869829416,2012,6.782095664720645,6.594422396288869,6.785465288718446,6.842831250953305,6.58002731017098
SWZ,954.5105566978455,2013,6.861198703029047,6.782095664720645,6.594422396288869,6.785465288718446,6.842831250953305
SWZ,725.2534109205008,2014,6.5865211260866285,6.861198703029047,6.782095664720645,6.594422396288869,6.785465288718446
SWZ,589.1092166155577,2015,6.37861159365319,6.5865211260866285,6.861198703029047,6.782095664720645,6.594422396288869
SWZ,673.2951002717018,2016,6.512183718340294,6.37861159365319,6.5865211260866285,6.861198703029047,6.782095664720645
SWZ,792.3209539726377,2017,6.674966554639829,6.512183718340294,6.37861159365319,6.5865211260866285,6.861198703029047
SWZ,691.8091696202755,2018,6.539310151142423,6.674966554639829,6.512183718340294,6.37861159365319,6.5865211260866285
SWZ,688.7109177764505,2019,6.534821615156886,6.539310151142423,6.674966554639829,6.512183718340294,6.37861159365319
SWZ,559.4635319113731,2020,6.326978345844617,6.534821615156886,6.539310151142423,6.674966554639829,6.512183718340294
SWZ,831.2074633836746,2021,6.722879418791475,6.326978345844617,6.534821615156886,6.539310151142423,6.674966554639829
SWZ,745.5928415805101,2022,6.614179662440784,6.722879418791475,6.326978345844617,6.534821615156886,6.539310151142423
SWZ,944.2647930532694,2023,6.8504066279281695,6.614179662440784,6.722879418791475,6.326978345844617,6.534821615156886
SWZ,787.1043340861797,2024,6.6683608115316435,6.8504066279281695,6.614179662440784,6.722879418791475,6.326978345844617
TCD,383.5613253403903,2005,5.949499517646051,5.75647668173459,,,
TCD,416.30095285969804,2006,6.031408443075798,5.949499517646051,5.75647668173459,,
TCD,347.3412006672126,2007,5.850307584062037,6.031408443075798,5.949499517646051,5.75647668173459,
TCD,377.7239150707595,2008,5.934163545348987,5.850307584062037,6.031408443075798,5.949499517646051,5.75647668173459
TCD,295.1863428106573,2009,5.687606827464556,5.934163545348987,5.850307584062037,6.031408443075798,5.949499517646051
TCD,416.12519252676566,2010,6.030986158560785,5.687606827464556,5.934163545348987,5.850307584062037,6.031408443075798
TCD,361.11824872634634,2011,5.889205463495953,6.030986158560785,5.687606827464556,5.934163545348987,5.850307584062037
TCD,476.18235105057295,2012,6.165800871313392,5.889205463495953,6.030986158560785,5.687606827464556,5.934163545348987
TCD,377.59435176443077,2013,5.933820475908492,6.165800871313392,5.889205463495953,6.030986158560785,5.687606827464556
TCD,350.95680583057,2014,5.860663155581558,5.933820475908492,6.165800871313392,5.889205463495953,6.030986158560785
TCD,351.04040390600113,2015,5.860901327684429,5.860663155581558,5.933820475908492,6.165800871313392,5.889205463495953
TCD,392.8696689410258,2016,5.973477925674158,5.860901327684429,5.860663155581558,5.933820475908492,6.165800871313392
TCD,382.65823953880493,2017,5.947142265857775,5.973477925674158,5.860901327684429,5.860663155581558,5.933820475908492
TCD,417.2687605474729,2018,6.033730523897789,5.947142265857775,5.973477925674158,5.860901327684429,5.860663155581558
TCD,470.8836116295074,2019,6.154610954413078,6.033730523897789,5.947142265857775,5.973477925674158,5.860901327684429
TCD,406.9570679985867,2020,6.008707695845807,6.154610954413078,6.033730523897789,5.947142265857775,5.973477925674158
TCD,394.8559065164589,2021,5.978520904718522,6.008707695845807,6.154610954413078,6.033730523897789,5.947142265857775
TCD,477.0875687675336,2022,6.167700056361042,5.978520904718522,6.008707695845807,6.154610954413078,6.033730523897789
TCD,372.60150612224896,2023,5.9205095003553705,6.167700056361042,5.978520904718522,6.008707695845807,6.154610954413078
TCD,486.3052112096576,2024,6.186836433391101,5.9205095003553705,6.167700056361042,5.978520904718522,6.008707695845807
TGO,1131.3389054946601,2005,7.0311570824185825,7.167254731198445,,,
TGO,1187.089452182874,2006,7.079259751654732,7.0311570824185825,7.167254731198445,,
TGO,1393.9959598220885,2007,7.239929693053779,7.079259751654732,7.0311570824185825,7.167254731198445,
TGO,1398.434509927407,2008,7.24310868274852,7.239929693053779,7.079259751654732,7.0311570824185825,7.167254731198445
TGO,1342.8458051681519,2009,7.202546376207253,7.24310868274852,7.239929693053779,7.079259751654732,7.0311570824185825
TGO,1412.8903644038364,2010,7.253392789018758,7.202546376207253,7.24310868274852,7.239929693053779,7.079259751654732
TGO,1153.8073546970263,2011,7.050822496128203,7.253392789018758,7.202546376207253,7.24310868274852,7.239929693053779
TGO,1184.9234084039927,2012,7.077433417222114,7.050822496128203,7.253392789018758,7.202546376207253,7.24310868274852
TGO,1007.9619911685586,2013,6.915685740746332,7.077433417222114,7.050822496128203,7.253392789018758,7.202546376207253
TGO,1205.8041081223637,2014,7.094901933017791,6.915685740746332,7.077433417222114,7.050822496128203,7.253392789018758
TGO,938.6233759010211,2015,6.844414308122662,7.094901933017791,6.915685740746332,7.077433417222114,7.050822496128203
TGO,1178.3249327521771,2016,7.071849160431078,6.844414308122662,7.094901933017791,6.915685740746332,7.077433417222114
TGO,1183.8853125348687,2017,7.076556946339173,7.071849160431078,6.844414308122662,7.094901933017791,6.915685740746332
TGO,1230.0210959669203,2018,7.114786599412001,7.076556946339173,7.071849160431078,6.844414308122662,7.094901933017791
TGO,1351.8325091972947,2019,7.209216365198874,7.114786599412001,7.076556946339173,7.071849160431078,6.844414308122662
TGO,1159.0829106848687,2020,7.055384377178789,7.209216365198874,7.114786599412001,7.076556946339173,7.071849160431078
TGO,1166.4286950565875,2021,7.0617019623377475,7.055384377178789,7.209216365198874,7.114786599412001,7.076556946339173
TGO,1246.0618394985795,2022,7.127743328532046,7.0617019623377475,7.055384377178789,7.209216365198874,7.114786599412001
TGO,1329.5648163254373,2023,7.192606961901963,7.127743328532046,7.0617019623377475,7.055384377178789,7.209216365198874
TGO,1137.1511938422918,2024,7.036281461024589,7.192606961901963,7.127743328532046,7.0617019623377475,7.055384377178789
TZA,741.5506304945114,2005,6.608743440426315,6.976514377894262,,,
TZA,1232.1242568469606,2006,7.116494996837981,6.608743440426315,6.976514377894262,,
TZA,992.7407546444863,2007,6.900469557094147,7.116494996837981,6.608743440426315,6.976514377894262,
TZA,1028.724209098794,2008,6.9360746815421885,6.900469557094147,7.116494996837981,6.608743440426315,6.976514377894262
TZA,938.1884129361715,2009,6.843950795504909,6.9360746815421885,6.900469557094147,7.116494996837981,6.608743440426315
TZA,874.3415246469418,2010,6.773471059794156,6.843950795504909,6.9360746815421885,6.900469557094147,7.116494996837981
TZA,1179.2969860284854,2011,7.0726737653634,6.773471059794156,6.843950795504909,6.9360746815421885,6.900469557094147
TZA,953.005829646223,2012,6.859621020787878,7.0726737653634,6.773471059794156,6.843950795504909,6.9360746815421885
TZA,962.0015009796522,2013,6.869016010934398,6.859621020787878,7.0726737653634,6.773471059794156,6.843950795504909
TZA,998.2444074738471,2014,6.905998143597407,6.869016010934398,6.859621020787878,7.0726737653634,6.773471059794156
TZA,983.3557917451918,2015,6.890970999467855,6.905998143597407,6.869016010934398,6.859621020787878,7.0726737653634
TZA,957.4214656784295,2016,6.864243697511776,6.890970999467855,6.905998143597407,6.869016010934398,6.859621020787878
TZA,1031.7231382893785,2017,6.938985633197459,6.864243697511776,6.890970999467855,6.905998143597407,6.869016010934398
TZA,1146.2880141477467,2018,7.044284186944643,6.938985633197459,6.864243697511776,6.890970999467855,6.905998143597407
TZA,1245.4748360912906,2019,7.127272130637268,7.044284186944643,6.938985633197459,6.864243697511776,6.890970999467855
TZA,1235.7046610871996,2020,7.119396662124719,7.127272130637268,7.044284186944643,6.938985633197459,6.864243697511776
TZA,874.7965350144908,2021,6.773991327905984,7.119396662124719,7.127272130637268,7.044284186944643,6.938985633197459
TZA,979.9043798826834,2022,6.887454995355922,6.773991327905984,7.119396662124719,7.127272130637268,7.044284186944643
TZA,1074.0992503611571,2023,6.979237682680992,6.887454995355922,6.773991327905984,7.119396662124719,7.127272130637268
TZA,1165.583417963935,2024,7.060977028599239,6.979237682680992,6.887454995355922,6.773991327905984,7.119396662124719
UGA,1111.6401558127254,2005,7.013591821552625,7.092281511211325,,,
UGA,1313.4558658339083,2006,7.1804170081301075,7.013591821552625,7.092281511211325,,
UGA,1249.832345277071,2007,7.130764697522605,7.1804170081301075,7.013591821552625,7.092281511211325,
UGA,1259.1204741485417,2008,7.138168719814643,7.130764697522605,7.1804170081301075,7.013591821552625,7.092281511211325
UGA,1085.5113335698843,2009,6.989806430138907,7.138168719814643,7.130764697522605,7.1804170081301075,7.013591821552625
UGA,1230.8609238564968,2010,7.1154691416187505,6.989806430138907,7.138168719814643,7.130764697522605,7.1804170081301075
UGA,1292.7911928696558,2011,7.164558875297506,7.1154691416187505,6.989806430138907,7.138168719814643,7.130764697522605
UGA,1363.2551636055578,2012,7.21763062151626,7.164558875297506,7.1154691416187505,6.989806430138907,7.138168719814643
UGA,1213.1908409968019,2013,7.101009226327308,7.21763062151626,7.164558875297506,7.1154691416187505,6.989806430138907
UGA,1112.9599017449655,2014,7.014778323443231,7.101009226327308,7.21763062151626,7.164558875297506,7.1154691416187505
UGA,1225.9347604280338,2015,7.111458901726307,7.014778323443231,7.101009226327308,7.21763062151626,7.164558875297506
UGA,1054.6422837402206,2016,6.960956920868955,7.111458901726307,7.014778323443231,7.101009226327308,7.21763062151626
UGA,1182.4179602684453,2017,7.075316739750806,6.960956920868955,7.111458901726307,7.014778323443231,7.101009226327308
UGA,1211.7159573895915,2018,7.099792780573548,7.075316739750806,6.960956920868955,7.111458901726307,7.014778323443231
UGA,1313.9090286204591,2019,7.180761964243361,7.099792780573548,7.075316739750806,6.960956920868955,7.111458901726307
UGA,1293.5352764129639,2020,7.1651342733168,7.180761964243361,7.099792780573548,7.075316739750806,6.960956920868955
UGA,956.0788295306265,2021,6.862840367319974,7.1651342733168,7.180761964243361,7.099792780573548,7.075316739750806
UGA,1091.0074982270598,2022,6.9948568586115245,6.862840367319974,7.1651342733168,7.180761964243361,7.099792780573548
UGA,1220.5991106890142,2023,7.107097091525019,6.9948568586115245,6.862840367319974,7.1651342733168,7.180761964243361
UGA,1305.2872277498245,2024,7.174178393431392,7.107097091525019,6.9948568586115245,6.862840367319974,7.1651342733168
ZAF,434.96951824325384,2005,6.075275955629443,6.258614607862437,,,
ZAF,689.2575535868185,2006,6.535615008983236,6.075275955629443,6.258614607862437,,
ZAF,502.089490299353,2007,6.218778371332553,6.535615008983236,6.075275955629443,6.258614607862437,
ZAF,497.61437835220437,2008,6.2098254364098455,6.218778371332553,6.535615008983236,6.075275955629443,6.258614607862437
ZAF,552.5623045652995,2009,6.314566195478006,6.2098254364098455,6.218778371332553,6.535615008983236,6.075275955629443
ZAF,534.3041227672331,2010,6.2809651951369005,6.314566195478006,6.2098254364098455,6.218778371332553,6.535615008983236
ZAF,582.6418090337914,2011,6.36757260479601,6.2809651951369005,6.314566195478006,6.2098254364098455,6.218778371332553
ZAF,512.8470397137845,2012,6.239977632510543,6.36757260479601,6.2809651951369005,6.314566195478006,6.2098254364098455
ZAF,487.58973130843816,2013,6.189474337722599,6.239977632510543,6.36757260479601,6.2809651951369005,6.314566195478006
ZAF,473.1093386303572,2014,6.159326521673648,6.189474337722599,6.239977632510543,6.36757260479601,6.2809651951369005
ZAF,332.24876814240054,2015,5.80588398996391,6.159326521673648,6.189474337722599,6.239977632510543,6.36757260479601
ZAF,424.28745197385604,2016,6.050411178294322,5.80588398996391,6.159326521673648,6.189474337722599,6.239977632510543
ZAF,464.0175031426428,2017,6.139922273804966,6.050411178294322,5.80588398996391,6.159326521673648,6.189474337722599
ZAF,421.7670166030319,2018,6.044453068218613,6.139922273804966,6.050411178294322,5.80588398996391,6.159326521673648
ZAF,412.2436838325334,2019,6.021614640115627,6.044453068218613,6.139922273804966,6.050411178294322,5.80588398996391
ZAF,491.806623387385,2020,6.198085597335538,6.021614640115627,6.044453068218613,6.139922273804966,6.050411178294322
ZAF,542.2301450485213,2021,6.295690533174037,6.198085597335538,6.021614640115627,6.044453068218613,6.139922273804966
ZAF,586.4235142837553,2022,6.374042249160971,6.295690533174037,6.198085597335538,6.021614640115627,6.044453068218613
ZAF,525.9840414731982,2023,6.265270872872895,6.374042249160971,6.295690533174037,6.198085597335538,6.021614640115627
ZAF,421.52300786789203,2024,6.043874361641115,6.265270872872895,6.374042249160971,6.295690533174037,6.198085597335538
ZAR,1572.5546938360358,2005,7.360456769423494,7.435574349353167,,,
ZAR,1802.3352156834133,2006,7.496838445109547,7.360456769423494,7.435574349353167,,
ZAR,1793.253265406657,2007,7.4917867159482325,7.496838445109547,7.360456769423494,7.435574349353167,
ZAR,1640.5454150924904,2008,7.402784035707388,7.4917867159482325,7.496838445109547,7.360456769423494,7.435574349353167
ZAR,1619.256879934653,2009,7.389722606894298,7.402784035707388,7.4917867159482325,7.496838445109547,7.360456769423494
ZAR,1687.3794782998002,2010,7.430931999929351,7.389722606894298,7.402784035707388,7.4917867159482325,7.496838445109547
ZAR,1713.4130134974284,2011,7.446242574632085,7.430931999929351,7.389722606894298,7.402784035707388,7.4917867159482325
ZAR,1691.823965024564,2012,7.433562495170085,7.446242574632085,7.430931999929351,7.389722606894298,7.402784035707388
ZAR,1558.6606708480408,2013,7.351582187155143,7.433562495170085,7.446242574632085,7.430931999929351,7.389722606894298
ZAR,1516.6237073977245,2014,7.324241898083023,7.351582187155143,7.433562495170085,7.446242574632085,7.430931999929351
ZAR,1638.8723015241403,2015,7.401763663276613,7.324241898083023,7.351582187155143,7.433562495170085,7.446242574632085
ZAR,1628.4228684079435,2016,7.395367260013354,7.401763663276613,7.324241898083023,7.351582187155143,7.433562495170085
ZAR,1826.7798447467617,2017,7.510310048157556,7.395367260013354,7.401763663276613,7.324241898083023,7.351582187155143
ZAR,1745.8093814285162,2018,7.464973556000018,7.510310048157556,7.395367260013354,7.401763663276613,7.324241898083023
ZAR,1716.7196073136292,2019,7.448170543725976,7.464973556000018,7.510310048157556,7.395367260013354,7.401763663276613
ZAR,1607.4230851977713,2020,7.382387607500654,7.448170543725976,7.464973556000018,7.510310048157556,7.395367260013354
ZAR,1595.018399857203,2021,7.374640551113035,7.382387607500654,7.448170543725976,7.464973556000018,7.510310048157556
ZAR,1596.73961513103,2022,7.375719088666693,7.374640551113035,7.382387607500654,7.448170543725976,7.464973556000018
ZAR,1598.102930914626,2023,7.376572536588897,7.375719088666693,7.374640551113035,7.382387607500654,7.448170543725976
ZAR,1518.1099934068197,2024,7.3252214147553,7.376572536588897,7.375719088666693,7.374640551113035,7.382387607500654
ZMB,836.7624977010164,2005,6.7295402759835,7.006367134635813,,,
ZMB,1174.1030387359758,2006,7.0682597637735,6.7295402759835,7.006367134635813,,
ZMB,1139.444248151657,2007,7.038295920899638,7.0682597637735,6.7295402759835,7.006367134635813,
ZMB,1121.2713976418831,2008,7.022218496929494,7.038295920899638,7.0682597637735,6.7295402759835,7.006367134635813
ZMB,1106.5155439571731,2009,7.008971207252509,7.022218496929494,7.038295920899638,7.0682597637735,6.7295402759835
ZMB,1089.2360897643725,2010,6.993231894444925,7.008971207252509,7.022218496929494,7.038295920899638,7.0682597637735
ZMB,1061.7082641772781,2011,6.967634459899262,6.993231894444925,7.008971207252509,7.022218496929494,7.038295920899638
ZMB,1024.9790106244009,2012,6.932427413923234,6.967634459899262,6.993231894444925,7.008971207252509,7.022218496929494
ZMB,967.3040995263611,2013,6.874512923292166,6.932427413923234,6.967634459899262,6.993231894444925,7.008971207252509
ZMB,964.1630079676746,2014,6.871260375717681,6.874512923292166,6.932427413923234,6.967634459899262,6.993231894444925
ZMB,860.6147246848792,2015,6.757646930047669,6.871260375717681,6.874512923292166,6.932427413923234,6.967634459899262
ZMB,905.3320659774865,2016,6.808301800131905,6.757646930047669,6.871260375717681,6.874512923292166,6.932427413923234
ZMB,1166.2736639621203,2017,7.061569042598462,6.808301800131905,6.757646930047669,6.871260375717681,6.874512923292166
ZMB,988.4980968202872,2018,6.8961867172879145,7.061569042598462,6.808301800131905,6.757646930047669,6.871260375717681
ZMB,967.6702968512196,2019,6.8748914268319705,6.8961867172879145,7.061569042598462,6.808301800131905,6.757646930047669
ZMB,744.4631330780918,2020,6.612663331862485,6.8748914268319705,6.8961867172879145,7.061569042598462,6.808301800131905
ZMB,459.0567300842842,2021,6.1291737973781855,6.612663331862485,6.8748914268319705,6.8961867172879145,7.061569042598462
ZMB,641.1363809938251,2022,6.463242197150744,6.1291737973781855,6.612663331862485,6.8748914268319705,6.8961867172879145
ZMB,635.1000271704485,2023,6.453782509590299,6.463242197150744,6.1291737973781855,6.612663331862485,6.8748914268319705
ZMB,481.75368485733054,2024,6.177432956164716,6.453782509590299,6.463242197150744,6.1291737973781855,6.612663331862485
ZWE,537.3154938947506,2005,6.286585433899599,6.6150745479021,,,
ZWE,723.2322715221611,2006,6.583730431315456,6.286585433899599,6.6150745479021,,
ZWE,741.1603524194701,2007,6.608217001911254,6.583730431315456,6.286585433899599,6.6150745479021,
ZWE,676.566944741644,2008,6.517031400204369,6.608217001911254,6.583730431315456,6.286585433899599,6.6150745479021
ZWE,671.1129905330794,2009,6.508937514051918,6.517031400204369,6.608217001911254,6.583730431315456,6.286585433899599
ZWE,687.1874567632525,2010,6.532607117830665,6.508937514051918,6.517031400204369,6.608217001911254,6.583730431315456
ZWE,686.0299440110102,2011,6.530921276935067,6.532607117830665,6.508937514051918,6.517031400204369,6.608217001911254
ZWE,516.9804830996873,2012,6.248005123505129,6.530921276935067,6.532607117830665,6.508937514051918,6.517031400204369
ZWE,687.8533674285281,2013,6.5335756864805825,6.248005123505129,6.530921276935067,6.532607117830665,6.508937514051918
ZWE,762.5619342575519,2014,6.63668373043878,6.5335756864805825,6.248005123505129,6.530921276935067,6.532607117830665
ZWE,436.74237096716143,2015,6.079343481127571,6.63668373043878,6.5335756864805825,6.248005123505129,6.530921276935067
ZWE,554.649241351954,2016,6.318335916387743,6.079343481127571,6.63668373043878,6.5335756864805825,6.248005123505129
ZWE,786.9321184541137,2017,6.668141991144764,6.318335916387743,6.079343481127571,6.63668373043878,6.5335756864805825
ZWE,637.2816411420645,2018,6.457211694659218,6.668141991144764,6.318335916387743,6.079343481127571,6.63668373043878
ZWE,474.3173100122561,2019,6.161876528132095,6.457211694659218,6.668141991144764,6.318335916387743,6.079343481127571
ZWE,674.1369584666876,2020,6.513433292742311,6.161876528132095,6.457211694659218,6.668141991144764,6.318335916387743
ZWE,447.6133022205904,2021,6.1039296949876585,6.513433292742311,6.161876528132095,6.457211694659218,6.668141991144764
ZWE,505.0354470991685,2022,6.224628619087579,6.1039296949876585,6.513433292742311,6.161876528132095,6.457211694659218
ZWE,520.1174808707632,2023,6.254054710809787,6.224628619087579,6.1039296949876585,6.513433292742311,6.161876528132095
ZWE,314.1561095434584,2024,5.749890026514245,6.254054710809787,6.224628619087579,6.1039296949876585,6.513433292742311
