iso3,country,year,rgdpe_pc,lgdp,lgdp_l,lgdp_l2
AGO,Angola,2005,4122.470097833925,8.324207801001487,8.137265312516973,8.00140213996974
AGO,Angola,2006,5044.773389119382,8.52610801386398,8.324207801001487,8.137265312516973
AGO,Angola,2007,5338.937450962076,8.582781932934664,8.52610801386398,8.324207801001487
AGO,Angola,2008,6156.7394376526245,8.725302604323101,8.582781932934664,8.52610801386398
AGO,Angola,2009,4884.775447536319,8.493878595669324,8.725302604323101,8.582781932934664
AGO,Angola,2010,6632.552106530098,8.799744942223793,8.493878595669324,8.725302604323101
AGO,Angola,2011,8385.992005153777,9.034317974373918,8.799744942223793,8.493878595669324
AGO,Angola,2012,8897.106393338405,9.093481378511854,9.034317974373918,8.799744942223793
AGO,Angola,2013,8830.035725314363,9.085914339491788,9.093481378511854,9.034317974373918
AGO,Angola,2014,9210.726185624568,9.12812397365729,9.085914339491788,9.093481378511854
AGO,Angola,2015,8265.244808915812,9.019814629769979,9.12812397365729,9.085914339491788
AGO,Angola,2016,7647.222237927675,8.942097754728335,9.019814629769979,9.12812397365729
AGO,Angola,2017,7621.831866708468,8.938772022243832,8.942097754728335,9.019814629769979
AGO,Angola,2018,7777.342301560637,8.958969952328443,8.938772022243832,8.942097754728335
AGO,Angola,2019,7936.004828415395,8.979165257383801,8.958969952328443,8.938772022243832
AGO,Angola,2020,6557.329472437585,8.78833870643722,8.979165257383801,8.958969952328443
AGO,Angola,2021,7172.805777722731,8.878052178905358,8.78833870643722,8.979165257383801
AGO,Angola,2022,6925.629273375924,8.842984196728706,8.878052178905358,8.78833870643722
AGO,Angola,2023,6728.484897349124,8.814105270599917,8.842984196728706,8.878052178905358
BDI,Burundi,2005,708.1561799240086,6.562664662479643,6.616479704931911,6.593055174731648
BDI,Burundi,2006,707.8578215658428,6.562243256529889,6.562664662479643,6.616479704931911
BDI,Burundi,2007,704.0292160729571,6.556819855400569,6.562243256529889,6.562664662479643
BDI,Burundi,2008,718.7783782390431,6.577553074099501,6.556819855400569,6.562243256529889
BDI,Burundi,2009,712.0113150780104,6.568093803249198,6.577553074099501,6.556819855400569
BDI,Burundi,2010,732.5704979414371,6.596559579183633,6.568093803249198,6.577553074099501
BDI,Burundi,2011,740.0914452381452,6.60677375320964,6.596559579183633,6.568093803249198
BDI,Burundi,2012,757.2364908869035,6.629675610047859,6.60677375320964,6.596559579183633
BDI,Burundi,2013,780.4981864995118,6.659932416441592,6.629675610047859,6.60677375320964
BDI,Burundi,2014,808.1243595069253,6.694715956958971,6.659932416441592,6.629675610047859
BDI,Burundi,2015,810.5451601165142,6.697707058459415,6.694715956958971,6.659932416441592
BDI,Burundi,2016,846.6211241656731,6.7412532795422155,6.697707058459415,6.694715956958971
BDI,Burundi,2017,865.608549346897,6.763432784830522,6.7412532795422155,6.697707058459415
BDI,Burundi,2018,879.700431674886,6.779581430965438,6.763432784830522,6.7412532795422155
BDI,Burundi,2019,926.9915384969861,6.83194443768923,6.779581430965438,6.763432784830522
BDI,Burundi,2020,914.5035504971215,6.818381350269662,6.83194443768923,6.779581430965438
BDI,Burundi,2021,912.1698379817146,6.815826198593592,6.818381350269662,6.83194443768923
BDI,Burundi,2022,922.0615309497408,6.826611957717826,6.815826198593592,6.818381350269662
BDI,Burundi,2023,924.3156625631416,6.8290536394513435,6.826611957717826,6.815826198593592
BEN,Benin,2005,2775.2817692321655,7.928507559487896,7.933139127044478,7.876928424000694
BEN,Benin,2006,2759.9121230462697,7.9229541187283195,7.928507559487896,7.933139127044478
BEN,Benin,2007,2784.3533601551444,7.931770938743054,7.9229541187283195,7.928507559487896
BEN,Benin,2008,2809.7059024354644,7.940835095795446,7.931770938743054,7.9229541187283195
BEN,Benin,2009,2783.2426057816547,7.931371931920353,7.940835095795446,7.931770938743054
BEN,Benin,2010,2731.0702612527866,7.9124488484414774,7.931371931920353,7.940835095795446
BEN,Benin,2011,2715.7121877843074,7.906809513911879,7.9124488484414774,7.931371931920353
BEN,Benin,2012,2800.793621702466,7.937658092325119,7.906809513911879,7.9124488484414774
BEN,Benin,2013,2851.622570148627,7.955643434119089,7.937658092325119,7.906809513911879
BEN,Benin,2014,2950.4594992100638,7.989716199648245,7.955643434119089,7.937658092325119
BEN,Benin,2015,2955.624081316076,7.991465102572489,7.989716199648245,7.955643434119089
BEN,Benin,2016,3031.5961535896963,8.016844543164703,7.991465102572489,7.989716199648245
BEN,Benin,2017,2981.1828086767364,8.0000754164126,8.016844543164703,7.991465102572489
BEN,Benin,2018,3022.080278457835,8.013700707158154,8.0000754164126,8.016844543164703
BEN,Benin,2019,3178.5796069972275,8.064189711523655,8.013700707158154,8.0000754164126
BEN,Benin,2020,3200.9132064397945,8.07119142508798,8.064189711523655,8.013700707158154
BEN,Benin,2021,3227.878683895386,8.079580446247228,8.07119142508798,8.064189711523655
BEN,Benin,2022,3305.37031057667,8.103303791569415,8.079580446247228,8.07119142508798
BEN,Benin,2023,3387.6985689000535,8.127906081595459,8.103303791569415,8.079580446247228
BFA,Burkina Faso,2005,1627.321336139869,7.3946905899552045,7.357412913534379,7.339581529138138
BFA,Burkina Faso,2006,1630.931209586365,7.396906424899152,7.3946905899552045,7.357412913534379
BFA,Burkina Faso,2007,1605.7363033345623,7.3813376863394575,7.396906424899152,7.3946905899552045
BFA,Burkina Faso,2008,1614.2061154857295,7.3865985454382495,7.3813376863394575,7.396906424899152
BFA,Burkina Faso,2009,1606.4996062874593,7.381812933481161,7.3865985454382495,7.3813376863394575
BFA,Burkina Faso,2010,1720.5588742075079,7.450404443895027,7.381812933481161,7.3865985454382495
BFA,Burkina Faso,2011,1802.376489535292,7.496861345055649,7.450404443895027,7.381812933481161
BFA,Burkina Faso,2012,1853.3119944215932,7.524729584708935,7.496861345055649,7.450404443895027
BFA,Burkina Faso,2013,1873.6900027289562,7.535665029013009,7.524729584708935,7.496861345055649
BFA,Burkina Faso,2014,1876.3775606146555,7.537098367639808,7.535665029013009,7.524729584708935
BFA,Burkina Faso,2015,1892.2443535708478,7.545518892208525,7.537098367639808,7.535665029013009
BFA,Burkina Faso,2016,2077.615599386931,7.6389761686891084,7.545518892208525,7.537098367639808
BFA,Burkina Faso,2017,2183.6678692534038,7.688761250782622,7.6389761686891084,7.545518892208525
BFA,Burkina Faso,2018,2176.876885126093,7.6856465070979985,7.688761250782622,7.6389761686891084
BFA,Burkina Faso,2019,2310.8240498070027,7.745359471420462,7.6856465070979985,7.688761250782622
BFA,Burkina Faso,2020,2402.0332405630884,7.784070841246543,7.745359471420462,7.6856465070979985
BFA,Burkina Faso,2021,2396.7771264222906,7.781880249895474,7.784070841246543,7.745359471420462
BFA,Burkina Faso,2022,2369.528221563711,7.770446151682236,7.781880249895474,7.784070841246543
BFA,Burkina Faso,2023,2356.9950747805415,7.765142813320262,7.770446151682236,7.781880249895474
BWA,Botswana,2005,15920.187871254437,9.675343260286937,9.557787109760243,9.499984347824586
BWA,Botswana,2006,16093.136466626585,9.68614815365743,9.675343260286937,9.557787109760243
BWA,Botswana,2007,16590.669173794384,9.716595718344156,9.68614815365743,9.675343260286937
BWA,Botswana,2008,19610.421891106016,9.883816433038826,9.716595718344156,9.68614815365743
BWA,Botswana,2009,15517.022815587996,9.649692946443169,9.883816433038826,9.716595718344156
BWA,Botswana,2010,16643.78583486096,9.719792202612028,9.649692946443169,9.883816433038826
BWA,Botswana,2011,17692.50639608205,9.780896461463627,9.719792202612028,9.649692946443169
BWA,Botswana,2012,15870.508593428773,9.672217860481979,9.780896461463627,9.719792202612028
BWA,Botswana,2013,16371.810406099552,9.703316257170183,9.672217860481979,9.780896461463627
BWA,Botswana,2014,18010.38273165737,9.798703689007908,9.703316257170183,9.672217860481979
BWA,Botswana,2015,16823.965556015984,9.730559670068029,9.798703689007908,9.703316257170183
BWA,Botswana,2016,19267.9633355871,9.866199064882778,9.730559670068029,9.798703689007908
BWA,Botswana,2017,18430.71570459782,9.821773883583102,9.866199064882778,9.730559670068029
BWA,Botswana,2018,17867.175719105526,9.790720549725883,9.821773883583102,9.866199064882778
BWA,Botswana,2019,17782.508236735142,9.78597056980088,9.790720549725883,9.821773883583102
BWA,Botswana,2020,16357.987984668798,9.702471618771407,9.78597056980088,9.790720549725883
BWA,Botswana,2021,18077.173507489875,9.802405289174622,9.702471618771407,9.78597056980088
BWA,Botswana,2022,19178.495208496934,9.861544889076828,9.802405289174622,9.702471618771407
BWA,Botswana,2023,19031.784272031302,9.853865716905485,9.861544889076828,9.802405289174622
CAF,Central African Republic,2005,978.7637907936585,6.886290337416381,6.897680407999554,6.891690995370819
CAF,Central African Republic,2006,1016.7461783670838,6.924362786105162,6.886290337416381,6.897680407999554
CAF,Central African Republic,2007,1051.394063062291,6.957872241671946,6.924362786105162,6.886290337416381
CAF,Central African Republic,2008,1056.6081324945428,6.962819181553276,6.957872241671946,6.924362786105162
CAF,Central African Republic,2009,1139.476511456218,7.038324235446713,6.962819181553276,6.957872241671946
CAF,Central African Republic,2010,1200.5781012999125,7.090558470854554,7.038324235446713,6.962819181553276
CAF,Central African Republic,2011,1211.1504516833002,7.09932597339471,7.090558470854554,7.038324235446713
CAF,Central African Republic,2012,1320.7781359442993,7.185976338822857,7.09932597339471,7.090558470854554
CAF,Central African Republic,2013,897.2101798518186,6.799290148827581,7.185976338822857,7.09932597339471
CAF,Central African Republic,2014,831.941040553887,6.7237615735913,6.799290148827581,7.185976338822857
CAF,Central African Republic,2015,899.1925169017804,6.801497157153932,6.7237615735913,6.799290148827581
CAF,Central African Republic,2016,947.7002595301149,6.854038270328718,6.801497157153932,6.7237615735913
CAF,Central African Republic,2017,985.2388818902784,6.8928841314545055,6.854038270328718,6.801497157153932
CAF,Central African Republic,2018,998.20401793593,6.905957682208664,6.8928841314545055,6.854038270328718
CAF,Central African Republic,2019,1062.7607224968822,6.9686252565758,6.905957682208664,6.8928841314545055
CAF,Central African Republic,2020,1116.0669185498211,7.017566104001818,6.9686252565758,6.905957682208664
CAF,Central African Republic,2021,1124.9690149962832,7.025510772033701,7.017566104001818,6.9686252565758
CAF,Central African Republic,2022,1119.5488905145685,7.02068110682669,7.025510772033701,7.017566104001818
CAF,Central African Republic,2023,1069.6073521190328,6.9750468994730035,7.02068110682669,7.025510772033701
CIV,Côte d'Ivoire,2005,2206.9365020471428,7.699360634681598,7.753952752424664,7.834597859492638
CIV,Côte d'Ivoire,2006,2279.0871847112753,7.731530284201218,7.699360634681598,7.753952752424664
CIV,Côte d'Ivoire,2007,2325.1062216228406,7.751521003697352,7.731530284201218,7.699360634681598
CIV,Côte d'Ivoire,2008,2449.1097655974204,7.803479876526531,7.751521003697352,7.731530284201218
CIV,Côte d'Ivoire,2009,2626.8970739419237,7.873558608842581,7.803479876526531,7.751521003697352
CIV,Côte d'Ivoire,2010,2923.4885955061054,7.980532906635346,7.873558608842581,7.803479876526531
CIV,Côte d'Ivoire,2011,3063.607864306849,8.027348541047044,7.980532906635346,7.873558608842581
CIV,Côte d'Ivoire,2012,3426.551710016901,8.139309702117874,8.027348541047044,7.980532906635346
CIV,Côte d'Ivoire,2013,3757.7058603307673,8.231563906641577,8.139309702117874,8.027348541047044
CIV,Côte d'Ivoire,2014,4314.004045272643,8.369621764656738,8.231563906641577,8.139309702117874
CIV,Côte d'Ivoire,2015,4892.308383725453,8.495419533194196,8.369621764656738,8.231563906641577
CIV,Côte d'Ivoire,2016,4989.921313608372,8.515175419805278,8.495419533194196,8.369621764656738
CIV,Côte d'Ivoire,2017,5133.2568755262155,8.54349560524468,8.515175419805278,8.495419533194196
CIV,Côte d'Ivoire,2018,5269.078191431434,8.569610709998859,8.54349560524468,8.515175419805278
CIV,Côte d'Ivoire,2019,5723.461222248395,8.652329010154029,8.569610709998859,8.54349560524468
CIV,Côte d'Ivoire,2020,5572.267246308366,8.625557296116439,8.652329010154029,8.569610709998859
CIV,Côte d'Ivoire,2021,5728.184981978247,8.653154002458809,8.625557296116439,8.652329010154029
CIV,Côte d'Ivoire,2022,5673.470797929212,8.643556343117984,8.653154002458809,8.625557296116439
CIV,Côte d'Ivoire,2023,5993.327422232179,8.698402033077624,8.643556343117984,8.653154002458809
CMR,Cameroon,2005,3458.080485691197,8.148468941186715,8.141283960296619,8.110868056941223
CMR,Cameroon,2006,3510.322349646934,8.163463149749354,8.148468941186715,8.141283960296619
CMR,Cameroon,2007,3535.269893314067,8.170544924302828,8.163463149749354,8.148468941186715
CMR,Cameroon,2008,3527.1049323448797,8.168232680954505,8.170544924302828,8.163463149749354
CMR,Cameroon,2009,3560.4938826431385,8.177654545303342,8.168232680954505,8.170544924302828
CMR,Cameroon,2010,3589.3693424152634,8.185731795414014,8.177654545303342,8.168232680954505
CMR,Cameroon,2011,3609.6080555135986,8.191354473552684,8.185731795414014,8.177654545303342
CMR,Cameroon,2012,3694.078008084661,8.21448627804695,8.191354473552684,8.185731795414014
CMR,Cameroon,2013,3767.5573818299426,8.234182161129175,8.21448627804695,8.191354473552684
CMR,Cameroon,2014,3887.0598783049404,8.265408335494296,8.234182161129175,8.21448627804695
CMR,Cameroon,2015,3943.9986901788984,8.279950383617729,8.265408335494296,8.234182161129175
CMR,Cameroon,2016,4013.964928760402,8.297534792088518,8.279950383617729,8.265408335494296
CMR,Cameroon,2017,4079.936348153795,8.313836666333813,8.297534792088518,8.279950383617729
CMR,Cameroon,2018,4305.281464754455,8.367597795619938,8.313836666333813,8.297534792088518
CMR,Cameroon,2019,4503.6854793922785,8.41265133598517,8.367597795619938,8.313836666333813
CMR,Cameroon,2020,4502.691720641736,8.412430657074548,8.41265133598517,8.367597795619938
CMR,Cameroon,2021,4683.321221159738,8.4517627998612,8.412430657074548,8.41265133598517
CMR,Cameroon,2022,4770.049572661388,8.47011197641987,8.4517627998612,8.412430657074548
CMR,Cameroon,2023,4748.299504555209,8.465541833890724,8.47011197641987,8.4517627998612
COG,Congo,2005,4031.202100686399,8.301819898473218,8.18706705708068,7.942465029962665
COG,Congo,2006,4170.428699416716,8.33577411512423,8.301819898473218,8.18706705708068
COG,Congo,2007,3504.978919912547,8.16193978516032,8.33577411512423,8.301819898473218
COG,Congo,2008,4446.436988257251,8.399858377651293,8.16193978516032,8.33577411512423
COG,Congo,2009,3701.553034238029,8.216507749549802,8.399858377651293,8.16193978516032
COG,Congo,2010,5886.9270668759755,8.680489420107621,8.216507749549802,8.399858377651293
COG,Congo,2011,6042.535708211598,8.70657902206975,8.680489420107621,8.216507749549802
COG,Congo,2012,6872.039277652965,8.835216179255,8.70657902206975,8.680489420107621
COG,Congo,2013,6283.41605310598,8.745669069071944,8.835216179255,8.70657902206975
COG,Congo,2014,6210.373686413257,8.733976348062859,8.745669069071944,8.835216179255
COG,Congo,2015,5029.617540653106,8.523099224547481,8.733976348062859,8.745669069071944
COG,Congo,2016,4353.751702238146,8.378793212662195,8.523099224547481,8.733976348062859
COG,Congo,2017,4816.79529520216,8.479864109402161,8.378793212662195,8.523099224547481
COG,Congo,2018,5910.259169600216,8.684444962162875,8.479864109402161,8.378793212662195
COG,Congo,2019,6053.291993677382,8.708357534225538,8.684444962162875,8.479864109402161
COG,Congo,2020,5030.229226452864,8.523220833914836,8.708357534225538,8.684444962162875
COG,Congo,2021,5686.247381700467,8.64580579842255,8.523220833914836,8.708357534225538
COG,Congo,2022,7026.8297675566155,8.857490925419407,8.64580579842255,8.523220833914836
COG,Congo,2023,6005.810925037422,8.700482767034988,8.857490925419407,8.64580579842255
DJI,Djibouti,2005,2742.5017811561943,7.916625841613603,7.887821777069756,7.871559455052564
DJI,Djibouti,2006,3162.8958250317846,8.059243287269044,7.916625841613603,7.887821777069756
DJI,Djibouti,2007,3158.2452213687043,8.057771842645979,8.059243287269044,7.916625841613603
DJI,Djibouti,2008,3396.3770611367777,8.130464572226762,8.057771842645979,8.059243287269044
DJI,Djibouti,2009,3050.444741780145,8.023042675948291,8.130464572226762,8.057771842645979
DJI,Djibouti,2010,2804.501035288465,7.938980918100923,8.023042675948291,8.130464572226762
DJI,Djibouti,2011,3470.7253812332824,8.152118894677418,7.938980918100923,8.023042675948291
DJI,Djibouti,2012,3748.7370762625897,8.22917428257814,8.152118894677418,7.938980918100923
DJI,Djibouti,2013,4225.196781671141,8.348821114250132,8.22917428257814,8.152118894677418
DJI,Djibouti,2014,4452.20414259457,8.40115456547592,8.348821114250132,8.22917428257814
DJI,Djibouti,2015,4841.735759026887,8.485028563317181,8.40115456547592,8.348821114250132
DJI,Djibouti,2016,4857.735249343952,8.488327610206316,8.485028563317181,8.40115456547592
DJI,Djibouti,2017,4997.424522984981,8.516677963306023,8.488327610206316,8.485028563317181
DJI,Djibouti,2018,5215.170934452207,8.559327144357379,8.516677963306023,8.488327610206316
DJI,Djibouti,2019,5477.1445827695925,8.608339182603927,8.559327144357379,8.516677963306023
DJI,Djibouti,2020,5596.16283538977,8.629836433894857,8.608339182603927,8.559327144357379
DJI,Djibouti,2021,5302.976380030333,8.576023523050337,8.629836433894857,8.608339182603927
DJI,Djibouti,2022,6209.120611573253,8.733774556457792,8.576023523050337,8.629836433894857
DJI,Djibouti,2023,7412.756529425974,8.910957650386875,8.733774556457792,8.576023523050337
ETH,Ethiopia,2005,727.1843490194337,6.589180020381159,6.467771955863828,6.315010226119196
ETH,Ethiopia,2006,734.5966292009181,6.599321544756632,6.589180020381159,6.467771955863828
ETH,Ethiopia,2007,867.0751503518811,6.765125651630721,6.599321544756632,6.589180020381159
ETH,Ethiopia,2008,908.6342457281585,6.811942643268956,6.765125651630721,6.599321544756632
ETH,Ethiopia,2009,981.0097792252935,6.888582428144926,6.811942643268956,6.765125651630721
ETH,Ethiopia,2010,1084.4372367045917,6.9888164555674095,6.888582428144926,6.811942643268956
ETH,Ethiopia,2011,1201.9750247906682,7.091721336834917,6.9888164555674095,6.888582428144926
ETH,Ethiopia,2012,1305.15314983125,7.174075669063623,7.091721336834917,6.9888164555674095
ETH,Ethiopia,2013,1364.3109155255333,7.218404756361812,7.174075669063623,7.091721336834917
ETH,Ethiopia,2014,1576.9603971137592,7.3632544738473005,7.218404756361812,7.174075669063623
ETH,Ethiopia,2015,1754.027362697546,7.469669772980086,7.3632544738473005,7.218404756361812
ETH,Ethiopia,2016,1975.352611488942,7.588502198862062,7.469669772980086,7.3632544738473005
ETH,Ethiopia,2017,2075.035380455036,7.637733483341139,7.588502198862062,7.469669772980086
ETH,Ethiopia,2018,2139.974584595462,7.668549231588112,7.637733483341139,7.588502198862062
ETH,Ethiopia,2019,2261.0809659485735,7.723598281432734,7.668549231588112,7.637733483341139
ETH,Ethiopia,2020,2382.137817431692,7.775753606105394,7.723598281432734,7.668549231588112
ETH,Ethiopia,2021,2697.824447995092,7.900200967191528,7.775753606105394,7.723598281432734
ETH,Ethiopia,2022,2841.0153777881274,7.95191679464775,7.900200967191528,7.775753606105394
ETH,Ethiopia,2023,3001.858503810798,8.006986877108815,7.95191679464775,7.900200967191528
GAB,Gabon,2005,19982.382712274386,9.902606299960835,9.578625190498334,9.409342927823646
GAB,Gabon,2006,18046.266558799525,9.80069410351925,9.902606299960835,9.578625190498334
GAB,Gabon,2007,17205.816418064856,9.75300276947802,9.80069410351925,9.902606299960835
GAB,Gabon,2008,17155.016274674505,9.750045903976128,9.75300276947802,9.80069410351925
GAB,Gabon,2009,13537.217946987643,9.513198056151301,9.750045903976128,9.75300276947802
GAB,Gabon,2010,15507.913274712932,9.649105706481716,9.513198056151301,9.750045903976128
GAB,Gabon,2011,17878.908781850016,9.79137701676722,9.649105706481716,9.513198056151301
GAB,Gabon,2012,17306.886573854736,9.758859769130757,9.79137701676722,9.649105706481716
GAB,Gabon,2013,16743.025951826367,9.725737089465875,9.758859769130757,9.79137701676722
GAB,Gabon,2014,16735.32408654675,9.725276979250966,9.725737089465875,9.758859769130757
GAB,Gabon,2015,16370.504461929975,9.703236486135328,9.725276979250966,9.725737089465875
GAB,Gabon,2016,15733.864345243028,9.663570633092965,9.703236486135328,9.725276979250966
GAB,Gabon,2017,16377.883551045483,9.703687139720932,9.663570633092965,9.703236486135328
GAB,Gabon,2018,16327.487165045895,9.700605295682239,9.703687139720932,9.663570633092965
GAB,Gabon,2019,16925.58815494601,9.736581847838194,9.700605295682239,9.703687139720932
GAB,Gabon,2020,15247.01758237429,9.632139194540672,9.736581847838194,9.700605295682239
GAB,Gabon,2021,18999.45137146877,9.852165382545827,9.632139194540672,9.736581847838194
GAB,Gabon,2022,21410.95283672056,9.971657884877448,9.852165382545827,9.632139194540672
GAB,Gabon,2023,19528.624651328544,9.879636599031944,9.971657884877448,9.852165382545827
GHA,Ghana,2005,3439.870006434014,8.143188960826107,8.14830582039456,8.117974125377001
GHA,Ghana,2006,3533.682073792717,8.170095686691525,8.143188960826107,8.14830582039456
GHA,Ghana,2007,4075.113102992313,8.312653780625327,8.170095686691525,8.143188960826107
GHA,Ghana,2008,4374.701107581847,8.383593478190908,8.312653780625327,8.170095686691525
GHA,Ghana,2009,4229.097920681388,8.349743991775574,8.383593478190908,8.312653780625327
GHA,Ghana,2010,4566.410366321956,8.42648269741001,8.349743991775574,8.383593478190908
GHA,Ghana,2011,5281.219615929251,8.571912337892106,8.42648269741001,8.349743991775574
GHA,Ghana,2012,5684.690197988589,8.645531910062738,8.571912337892106,8.42648269741001
GHA,Ghana,2013,5907.493809928237,8.683976961227799,8.645531910062738,8.571912337892106
GHA,Ghana,2014,6117.207967365048,8.718861056926048,8.683976961227799,8.645531910062738
GHA,Ghana,2015,5662.520122965976,8.641624323509651,8.718861056926048,8.683976961227799
GHA,Ghana,2016,5561.561037665556,8.62363411000837,8.641624323509651,8.718861056926048
GHA,Ghana,2017,5762.458368259719,8.659119462681794,8.62363411000837,8.641624323509651
GHA,Ghana,2018,5972.951605030226,8.694996490410889,8.659119462681794,8.62363411000837
GHA,Ghana,2019,6345.062789227211,8.755432275958817,8.694996490410889,8.659119462681794
GHA,Ghana,2020,6149.7243154899725,8.724162533046217,8.755432275958817,8.694996490410889
GHA,Ghana,2021,6317.9105176980665,8.75114381818767,8.724162533046217,8.755432275958817
GHA,Ghana,2022,6571.620783843882,8.790515775703527,8.75114381818767,8.724162533046217
GHA,Ghana,2023,6670.6281238610945,8.80546930596923,8.790515775703527,8.75114381818767
GIN,Guinea,2005,1956.599322828181,7.578963205927072,7.62284913148146,7.675648889594276
GIN,Guinea,2006,1984.3007871454715,7.593021882777855,7.578963205927072,7.62284913148146
GIN,Guinea,2007,2000.0164250165153,7.600910672016617,7.593021882777855,7.578963205927072
GIN,Guinea,2008,1985.2457354349535,7.593497981648069,7.600910672016617,7.593021882777855
GIN,Guinea,2009,1870.6376843736116,7.534034659405149,7.593497981648069,7.600910672016617
GIN,Guinea,2010,2073.390739312853,7.6369405844532885,7.534034659405149,7.593497981648069
GIN,Guinea,2011,2072.0194117658098,7.636278971948331,7.6369405844532885,7.534034659405149
GIN,Guinea,2012,2164.77286461548,7.680070722515105,7.636278971948331,7.6369405844532885
GIN,Guinea,2013,2148.1271639027714,7.6723516549484945,7.680070722515105,7.636278971948331
GIN,Guinea,2014,2138.305220295192,7.66776884112226,7.6723516549484945,7.680070722515105
GIN,Guinea,2015,2187.944434128462,7.69071776748286,7.66776884112226,7.6723516549484945
GIN,Guinea,2016,2261.369679722075,7.723725961664765,7.69071776748286,7.66776884112226
GIN,Guinea,2017,2866.0115223784214,7.960676628749338,7.723725961664765,7.69071776748286
GIN,Guinea,2018,3073.2271388692157,8.030483473772273,7.960676628749338,7.723725961664765
GIN,Guinea,2019,3311.5732393669773,8.105178654354773,8.030483473772273,7.960676628749338
GIN,Guinea,2020,3247.0411368986574,8.085499441224519,8.105178654354773,8.030483473772273
GIN,Guinea,2021,3609.136812568574,8.191223912643743,8.085499441224519,8.105178654354773
GIN,Guinea,2022,3496.7945016295466,8.159601971147259,8.191223912643743,8.085499441224519
GIN,Guinea,2023,3639.0351154332507,8.199473847313678,8.159601971147259,8.191223912643743
GMB,Gambia,2005,3098.557594252557,8.038691990014648,8.03218522072893,7.886340272698917
GMB,Gambia,2006,2868.036147629389,7.961382805416021,8.038691990014648,8.03218522072893
GMB,Gambia,2007,2877.236450647846,7.964585546704781,7.961382805416021,8.038691990014648
GMB,Gambia,2008,2777.980561416028,7.929479525959365,7.964585546704781,7.961382805416021
GMB,Gambia,2009,2851.610904869399,7.95563934335925,7.929479525959365,7.964585546704781
GMB,Gambia,2010,2906.554186422665,7.9747235301545025,7.95563934335925,7.929479525959365
GMB,Gambia,2011,2487.6865197237958,7.819108449025214,7.9747235301545025,7.95563934335925
GMB,Gambia,2012,2478.9964406465147,7.815609096232028,7.819108449025214,7.9747235301545025
GMB,Gambia,2013,2324.7086512569995,7.751349998882029,7.815609096232028,7.819108449025214
GMB,Gambia,2014,2126.3589459514965,7.66216638094016,7.751349998882029,7.815609096232028
GMB,Gambia,2015,2171.0202737719983,7.682952508283329,7.66216638094016,7.751349998882029
GMB,Gambia,2016,2152.6929466021957,7.67447487065961,7.682952508283329,7.66216638094016
GMB,Gambia,2017,2085.1814948137194,7.642611178316743,7.67447487065961,7.682952508283329
GMB,Gambia,2018,2306.5184203895637,7.743494489261049,7.642611178316743,7.67447487065961
GMB,Gambia,2019,2449.94386408437,7.80382039065765,7.743494489261049,7.642611178316743
GMB,Gambia,2020,2381.065672820307,7.775303428139374,7.80382039065765,7.743494489261049
GMB,Gambia,2021,2496.9322939715876,7.822818174962852,7.775303428139374,7.80382039065765
GMB,Gambia,2022,2538.8115503993026,7.83945135697266,7.822818174962852,7.775303428139374
GMB,Gambia,2023,2602.3266081353822,7.864161173153485,7.83945135697266,7.822818174962852
GNB,Guinea-Bissau,2005,1704.7551617571485,7.441176779263695,7.468080310057537,7.4580785223702355
GNB,Guinea-Bissau,2006,1603.6789651337065,7.380055621969121,7.441176779263695,7.468080310057537
GNB,Guinea-Bissau,2007,1598.3245078691316,7.376711176967322,7.380055621969121,7.441176779263695
GNB,Guinea-Bissau,2008,1578.575847056377,7.364278356926907,7.376711176967322,7.380055621969121
GNB,Guinea-Bissau,2009,1506.1928123957907,7.317340429644041,7.364278356926907,7.376711176967322
GNB,Guinea-Bissau,2010,1538.5341932335236,7.338585419561288,7.317340429644041,7.364278356926907
GNB,Guinea-Bissau,2011,1695.4932065361027,7.435728954796299,7.338585419561288,7.317340429644041
GNB,Guinea-Bissau,2012,1612.99111445845,7.385845569404797,7.435728954796299,7.338585419561288
GNB,Guinea-Bissau,2013,1592.9375653754512,7.373335116031778,7.385845569404797,7.435728954796299
GNB,Guinea-Bissau,2014,1598.6517624303465,7.376915904519039,7.373335116031778,7.385845569404797
GNB,Guinea-Bissau,2015,1849.9128693956138,7.5228938193392505,7.376915904519039,7.373335116031778
GNB,Guinea-Bissau,2016,1980.6686563434655,7.591189771902979,7.5228938193392505,7.376915904519039
GNB,Guinea-Bissau,2017,2101.2670223558284,7.65029578575168,7.591189771902979,7.5228938193392505
GNB,Guinea-Bissau,2018,2016.4828458428867,7.609110107380579,7.65029578575168,7.591189771902979
GNB,Guinea-Bissau,2019,2021.3809118713614,7.611536176572014,7.609110107380579,7.65029578575168
GNB,Guinea-Bissau,2020,1953.7244208927234,7.5774927893365955,7.611536176572014,7.609110107380579
GNB,Guinea-Bissau,2021,2022.4309548582187,7.61205550983729,7.5774927893365955,7.611536176572014
GNB,Guinea-Bissau,2022,2108.65440837552,7.653805301890445,7.61205550983729,7.5774927893365955
GNB,Guinea-Bissau,2023,2134.163338163429,7.665829969777691,7.653805301890445,7.61205550983729
KEN,Kenya,2005,2427.687145544797,7.794694291136139,7.79634609391404,7.800916809322484
KEN,Kenya,2006,2619.825534939186,7.870863004820081,7.794694291136139,7.79634609391404
KEN,Kenya,2007,2773.187965871803,7.927752827621376,7.870863004820081,7.794694291136139
KEN,Kenya,2008,2798.3149656034047,7.936772717011413,7.927752827621376,7.870863004820081
KEN,Kenya,2009,3076.9618791938638,8.031697986293027,7.936772717011413,7.927752827621376
KEN,Kenya,2010,3209.9103768406253,8.073998295746946,8.031697986293027,7.936772717011413
KEN,Kenya,2011,3244.595408847854,8.084745939962,8.073998295746946,8.031697986293027
KEN,Kenya,2012,3441.6619645785804,8.14370976293605,8.084745939962,8.073998295746946
KEN,Kenya,2013,3576.5157988263713,8.18214436493736,8.14370976293605,8.084745939962
KEN,Kenya,2014,3773.5322445943057,8.235766776698169,8.18214436493736,8.14370976293605
KEN,Kenya,2015,4147.666461252153,8.330301156582202,8.235766776698169,8.18214436493736
KEN,Kenya,2016,4375.578278064001,8.383793967900194,8.330301156582202,8.235766776698169
KEN,Kenya,2017,4552.2522430185145,8.423377387939277,8.383793967900194,8.330301156582202
KEN,Kenya,2018,4822.546524638434,8.481057392144118,8.423377387939277,8.383793967900194
KEN,Kenya,2019,5089.039688179717,8.534844425375423,8.481057392144118,8.423377387939277
KEN,Kenya,2020,5040.829688853896,8.52532596832124,8.534844425375423,8.481057392144118
KEN,Kenya,2021,5283.255237408267,8.572297708964964,8.52532596832124,8.534844425375423
KEN,Kenya,2022,5374.236617579431,8.589371818273024,8.572297708964964,8.52532596832124
KEN,Kenya,2023,5577.980981153564,8.626582158564117,8.589371818273024,8.572297708964964
LBR,Liberia,2005,710.9787929337643,6.566642602261027,6.581554630354864,6.504590882846116
LBR,Liberia,2006,721.379065540951,6.5811647488370495,6.566642602261027,6.581554630354864
LBR,Liberia,2007,852.0701112813617,6.74766881368,6.5811647488370495,6.566642602261027
LBR,Liberia,2008,868.3111685801163,6.766550139566068,6.74766881368,6.5811647488370495
LBR,Liberia,2009,873.7083268199922,6.772746597783977,6.766550139566068,6.74766881368
LBR,Liberia,2010,880.9575319353025,6.781009420387594,6.772746597783977,6.766550139566068
LBR,Liberia,2011,893.8528677413935,6.7955411841586795,6.781009420387594,6.772746597783977
LBR,Liberia,2012,983.648482161049,6.891268599652969,6.7955411841586795,6.781009420387594
LBR,Liberia,2013,1083.5267499469826,6.987976509132187,6.891268599652969,6.7955411841586795
LBR,Liberia,2014,1219.0000806600824,7.105786195650328,6.987976509132187,6.891268599652969
LBR,Liberia,2015,1539.8882244822385,7.33946511126847,7.105786195650328,6.987976509132187
LBR,Liberia,2016,1655.970381935128,7.4121424494803865,7.33946511126847,7.105786195650328
LBR,Liberia,2017,1774.350677598643,7.481189819545342,7.4121424494803865,7.33946511126847
LBR,Liberia,2018,1867.5038661141182,7.532357987213192,7.481189819545342,7.4121424494803865
LBR,Liberia,2019,1943.9609912998758,7.572482918615288,7.532357987213192,7.481189819545342
LBR,Liberia,2020,1858.2747730200217,7.527403794887466,7.572482918615288,7.532357987213192
LBR,Liberia,2021,1750.2167252562733,7.467494902253232,7.527403794887466,7.572482918615288
LBR,Liberia,2022,1645.61660611489,7.405870429509811,7.467494902253232,7.527403794887466
LBR,Liberia,2023,1639.6082500376385,7.402212620355532,7.405870429509811,7.467494902253232
LSO,Lesotho,2005,2449.793710424607,7.803759100167078,7.757501636194564,7.710776673409516
LSO,Lesotho,2006,2509.365518462641,7.827785218682216,7.803759100167078,7.757501636194564
LSO,Lesotho,2007,2660.2597264238702,7.886179038521855,7.827785218682216,7.803759100167078
LSO,Lesotho,2008,2799.4538240780385,7.937179614306795,7.886179038521855,7.827785218682216
LSO,Lesotho,2009,2582.1258298224834,7.8563683036902905,7.937179614306795,7.886179038521855
LSO,Lesotho,2010,2710.83194275795,7.905010856709557,7.8563683036902905,7.937179614306795
LSO,Lesotho,2011,2880.592664075111,7.96575133809612,7.905010856709557,7.8563683036902905
LSO,Lesotho,2012,2845.3973153916427,7.9534579907259495,7.96575133809612,7.905010856709557
LSO,Lesotho,2013,2873.4150058181262,7.963256498884318,7.9534579907259495,7.96575133809612
LSO,Lesotho,2014,3044.0777470188773,8.020953259726,7.963256498884318,7.9534579907259495
LSO,Lesotho,2015,3317.028277063434,8.106824563801712,8.020953259726,7.963256498884318
LSO,Lesotho,2016,3131.185779302176,8.049167055018755,8.106824563801712,8.020953259726
LSO,Lesotho,2017,2845.4362296371073,7.953471666840409,8.049167055018755,8.106824563801712
LSO,Lesotho,2018,2865.749264589877,7.960585118374612,7.953471666840409,8.049167055018755
LSO,Lesotho,2019,2728.653940837579,7.911563704619727,7.960585118374612,7.953471666840409
LSO,Lesotho,2020,2519.8292951800468,7.831946438203093,7.911563704619727,7.960585118374612
LSO,Lesotho,2021,2461.6060151104866,7.808569267582392,7.831946438203093,7.911563704619727
LSO,Lesotho,2022,2433.2854940406414,7.796997678291815,7.808569267582392,7.831946438203093
LSO,Lesotho,2023,2425.2630939829683,7.793695289850823,7.796997678291815,7.808569267582392
MDG,Madagascar,2005,1366.3929961520287,7.21992969725421,7.201996740024972,7.200892364143687
MDG,Madagascar,2006,1431.3834245421738,7.266396685345158,7.21992969725421,7.201996740024972
MDG,Madagascar,2007,1470.8328939264613,7.293584113826516,7.266396685345158,7.21992969725421
MDG,Madagascar,2008,1558.3978834071568,7.351413574704056,7.293584113826516,7.266396685345158
MDG,Madagascar,2009,1510.8995376968694,7.320460472767106,7.351413574704056,7.293584113826516
MDG,Madagascar,2010,1641.8205058390665,7.4035609696882005,7.320460472767106,7.351413574704056
MDG,Madagascar,2011,1763.0946486550436,7.474825867091276,7.4035609696882005,7.320460472767106
MDG,Madagascar,2012,1759.852312928861,7.472985171402694,7.474825867091276,7.4035609696882005
MDG,Madagascar,2013,1712.466018026661,7.445689726451414,7.472985171402694,7.474825867091276
MDG,Madagascar,2014,1719.9413674246543,7.4500454805198695,7.445689726451414,7.472985171402694
MDG,Madagascar,2015,1709.988313909134,7.444241815502087,7.4500454805198695,7.445689726451414
MDG,Madagascar,2016,1758.159213999704,7.472022639559399,7.444241815502087,7.4500454805198695
MDG,Madagascar,2017,1690.2259375568694,7.432617489843345,7.472022639559399,7.444241815502087
MDG,Madagascar,2018,1614.0361566166791,7.386493250448046,7.432617489843345,7.472022639559399
MDG,Madagascar,2019,1654.7513029440508,7.411406006395036,7.386493250448046,7.432617489843345
MDG,Madagascar,2020,1510.3219585963811,7.320078124694823,7.411406006395036,7.386493250448046
MDG,Madagascar,2021,1523.7884615896296,7.328954921881109,7.320078124694823,7.411406006395036
MDG,Madagascar,2022,1515.3300454252437,7.3233885459830566,7.328954921881109,7.320078124694823
MDG,Madagascar,2023,1545.9468851980444,7.343391872281656,7.3233885459830566,7.328954921881109
MLI,Mali,2005,1503.3058002398616,7.315421828964576,7.2950621432981935,7.393387348422965
MLI,Mali,2006,1688.9340323923873,7.431852858846935,7.315421828964576,7.2950621432981935
MLI,Mali,2007,1648.918142660264,7.4078746807333244,7.431852858846935,7.315421828964576
MLI,Mali,2008,1710.6696414886449,7.444640176049915,7.4078746807333244,7.431852858846935
MLI,Mali,2009,1937.833077735413,7.56932565754173,7.444640176049915,7.4078746807333244
MLI,Mali,2010,1945.4633820241681,7.573255470363212,7.56932565754173,7.444640176049915
MLI,Mali,2011,2050.4952672889613,7.625836636752865,7.573255470363212,7.56932565754173
MLI,Mali,2012,1977.7878631538904,7.589734258278428,7.625836636752865,7.573255470363212
MLI,Mali,2013,1946.1384529383954,7.573602407665448,7.589734258278428,7.625836636752865
MLI,Mali,2014,2024.6554632764319,7.613154823473032,7.573602407665448,7.589734258278428
MLI,Mali,2015,2138.0072386834154,7.667629477305833,7.613154823473032,7.573602407665448
MLI,Mali,2016,2270.56689463381,7.727784812616133,7.667629477305833,7.613154823473032
MLI,Mali,2017,2327.4433227867285,7.75252565774269,7.727784812616133,7.667629477305833
MLI,Mali,2018,2378.01476755244,7.77402128730396,7.75252565774269,7.727784812616133
MLI,Mali,2019,2470.7472219657825,7.812275902886859,7.77402128730396,7.75252565774269
MLI,Mali,2020,2359.9449231932117,7.766393560117334,7.812275902886859,7.77402128730396
MLI,Mali,2021,2258.477922164063,7.722446379604799,7.766393560117334,7.812275902886859
MLI,Mali,2022,2325.3773191971095,7.751637592680925,7.722446379604799,7.766393560117334
MLI,Mali,2023,2558.5978281301623,7.8472146640317035,7.751637592680925,7.722446379604799
MOZ,Mozambique,2005,1248.7352600294053,7.129886526112842,7.069389874509514,7.0203497420166485
MOZ,Mozambique,2006,1295.9443621477603,7.166994945549139,7.129886526112842,7.069389874509514
MOZ,Mozambique,2007,1333.0885621805803,7.195253756216783,7.166994945549139,7.129886526112842
MOZ,Mozambique,2008,1362.0786977309629,7.21676726604678,7.195253756216783,7.166994945549139
MOZ,Mozambique,2009,1349.5549643406532,7.207530161040016,7.21676726604678,7.195253756216783
MOZ,Mozambique,2010,1307.766493374671,7.176075994195408,7.207530161040016,7.21676726604678
MOZ,Mozambique,2011,1290.487989015114,7.162775711881814,7.176075994195408,7.207530161040016
MOZ,Mozambique,2012,1326.6568743645187,7.190417428450861,7.162775711881814,7.176075994195408
MOZ,Mozambique,2013,1319.5354295278655,7.185035006305046,7.190417428450861,7.162775711881814
MOZ,Mozambique,2014,1345.111679005835,7.204232321307007,7.185035006305046,7.190417428450861
MOZ,Mozambique,2015,1458.802340050156,7.28537106302575,7.204232321307007,7.185035006305046
MOZ,Mozambique,2016,1415.6387387673274,7.255336113713808,7.28537106302575,7.204232321307007
MOZ,Mozambique,2017,1332.509433316506,7.1948192354269525,7.255336113713808,7.28537106302575
MOZ,Mozambique,2018,1325.7233974302867,7.189713549762952,7.1948192354269525,7.255336113713808
MOZ,Mozambique,2019,1380.4202699286384,7.230143275213863,7.189713549762952,7.1948192354269525
MOZ,Mozambique,2020,1321.1327974656576,7.186244827452813,7.230143275213863,7.189713549762952
MOZ,Mozambique,2021,1308.7274168343436,7.176810506512922,7.186244827452813,7.230143275213863
MOZ,Mozambique,2022,1368.7707418207224,7.221668347291616,7.176810506512922,7.186244827452813
MOZ,Mozambique,2023,1461.7955307035852,7.287420774649077,7.221668347291616,7.176810506512922
MRT,Mauritania,2005,3744.7167135382447,8.228101249175154,8.19081310257471,8.213471182710263
MRT,Mauritania,2006,4667.866416479464,8.448457376133108,8.228101249175154,8.19081310257471
MRT,Mauritania,2007,4467.575500297602,8.404601146789517,8.448457376133108,8.228101249175154
MRT,Mauritania,2008,4341.425986246371,8.375958141387253,8.404601146789517,8.448457376133108
MRT,Mauritania,2009,4273.4007952972615,8.36016522841297,8.375958141387253,8.404601146789517
MRT,Mauritania,2010,4729.9793232715465,8.461676110075059,8.36016522841297,8.375958141387253
MRT,Mauritania,2011,5198.083566848169,8.556045291803288,8.461676110075059,8.36016522841297
MRT,Mauritania,2012,4968.893287545792,8.510952415731907,8.556045291803288,8.461676110075059
MRT,Mauritania,2013,5188.644050935137,8.5542276801629,8.510952415731907,8.556045291803288
MRT,Mauritania,2014,4752.56387108115,8.46643951374227,8.5542276801629,8.510952415731907
MRT,Mauritania,2015,4732.917963536688,8.46229719688823,8.46643951374227,8.5542276801629
MRT,Mauritania,2016,5334.295856001618,8.581912169270819,8.46229719688823,8.46643951374227
MRT,Mauritania,2017,5546.490924690068,8.620920740954544,8.581912169270819,8.46229719688823
MRT,Mauritania,2018,5401.437939390482,8.5944204821771,8.620920740954544,8.581912169270819
MRT,Mauritania,2019,5662.012983642843,8.641534758788756,8.5944204821771,8.620920740954544
MRT,Mauritania,2020,5614.51529518942,8.633110540238897,8.641534758788756,8.5944204821771
MRT,Mauritania,2021,5500.283310073299,8.612554880816338,8.633110540238897,8.641534758788756
MRT,Mauritania,2022,5084.727422539865,8.53399670282562,8.612554880816338,8.633110540238897
MRT,Mauritania,2023,5520.597065625062,8.616241297484342,8.53399670282562,8.612554880816338
MWI,Malawi,2005,1165.9228355104829,7.061268185913048,7.052101745316643,6.957175483557845
MWI,Malawi,2006,1223.0575196614045,7.1091091661931625,7.061268185913048,7.052101745316643
MWI,Malawi,2007,1447.2191340020652,7.277399155388145,7.1091091661931625,7.061268185913048
MWI,Malawi,2008,1526.019240124275,7.330417819972177,7.277399155388145,7.1091091661931625
MWI,Malawi,2009,1259.3456806602042,7.138347563998698,7.330417819972177,7.277399155388145
MWI,Malawi,2010,1220.7631455577098,7.107231471311159,7.138347563998698,7.330417819972177
MWI,Malawi,2011,1323.316473315597,7.187896344364406,7.107231471311159,7.138347563998698
MWI,Malawi,2012,1242.2981545349694,7.1247182936956825,7.187896344364406,7.107231471311159
MWI,Malawi,2013,1309.6849214686022,7.177541869303214,7.1247182936956825,7.187896344364406
MWI,Malawi,2014,1361.4784164001549,7.21632645917887,7.177541869303214,7.1247182936956825
MWI,Malawi,2015,1399.7010956515571,7.244013989702287,7.21632645917887,7.177541869303214
MWI,Malawi,2016,1355.0846527704962,7.211619205731729,7.244013989702287,7.21632645917887
MWI,Malawi,2017,1420.451976548687,7.258730393294872,7.211619205731729,7.244013989702287
MWI,Malawi,2018,1428.3161343719298,7.264251501011411,7.258730393294872,7.211619205731729
MWI,Malawi,2019,1539.1264987843845,7.338970325902465,7.264251501011411,7.258730393294872
MWI,Malawi,2020,1655.6499786422446,7.411948947050158,7.338970325902465,7.264251501011411
MWI,Malawi,2021,1730.4817478031161,7.456155115665321,7.411948947050158,7.338970325902465
MWI,Malawi,2022,1632.8483356506051,7.39808121397921,7.456155115665321,7.411948947050158
MWI,Malawi,2023,1649.2129565771859,7.408053457082012,7.39808121397921,7.456155115665321
NAM,Namibia,2005,8007.977662036213,8.988193531535149,8.963478041305109,8.872725330699557
NAM,Namibia,2006,8980.64326251024,9.10282679152698,8.988193531535149,8.963478041305109
NAM,Namibia,2007,9182.98882889131,9.125108011113959,9.10282679152698,8.988193531535149
NAM,Namibia,2008,9898.959583604454,9.200184938034864,9.125108011113959,9.10282679152698
NAM,Namibia,2009,10013.776199291035,9.21171704385755,9.200184938034864,9.125108011113959
NAM,Namibia,2010,10629.589940165257,9.271396894878409,9.21171704385755,9.200184938034864
NAM,Namibia,2011,11222.818727941947,9.32570437104958,9.271396894878409,9.21171704385755
NAM,Namibia,2012,11656.208998377422,9.363594278254563,9.32570437104958,9.271396894878409
NAM,Namibia,2013,11363.770683611334,9.338185563574008,9.363594278254563,9.32570437104958
NAM,Namibia,2014,11914.637843194116,9.385522994038938,9.338185563574008,9.363594278254563
NAM,Namibia,2015,11981.295309406984,9.391101988479614,9.385522994038938,9.338185563574008
NAM,Namibia,2016,11659.375860933424,9.363865930249963,9.391101988479614,9.385522994038938
NAM,Namibia,2017,11328.98716787542,9.335119956193477,9.363865930249963,9.391101988479614
NAM,Namibia,2018,10976.075424994578,9.303473221752785,9.335119956193477,9.363865930249963
NAM,Namibia,2019,10534.889763710085,9.26244786236865,9.303473221752785,9.335119956193477
NAM,Namibia,2020,9823.087957331933,9.19249080785772,9.26244786236865,9.303473221752785
NAM,Namibia,2021,9705.959978712337,9.180495406601246,9.19249080785772,9.26244786236865
NAM,Namibia,2022,10424.866245169851,9.25194921638516,9.180495406601246,9.19249080785772
NAM,Namibia,2023,10982.976757621676,9.30410178557211,9.25194921638516,9.180495406601246
NER,Niger,2005,1134.875227347619,7.034277992020236,7.023184119150371,7.081384187091284
NER,Niger,2006,1151.9115024910327,7.049178017550659,7.034277992020236,7.023184119150371
NER,Niger,2007,1112.989843566873,7.0148052259570655,7.049178017550659,7.034277992020236
NER,Niger,2008,1168.731064169083,7.063673878691183,7.0148052259570655,7.049178017550659
NER,Niger,2009,1145.2023686508912,7.043336641551275,7.063673878691183,7.0148052259570655
NER,Niger,2010,1194.9225532718767,7.08583665328791,7.043336641551275,7.063673878691183
NER,Niger,2011,1220.7292926458535,7.1072037399847545,7.08583665328791,7.043336641551275
NER,Niger,2012,1302.9422143032182,7.172380227947435,7.1072037399847545,7.08583665328791
NER,Niger,2013,1273.398427160614,7.149444532432652,7.172380227947435,7.1072037399847545
NER,Niger,2014,1284.3231876254201,7.157987156335945,7.149444532432652,7.172380227947435
NER,Niger,2015,1279.4078366466397,7.154152622248676,7.157987156335945,7.149444532432652
NER,Niger,2016,1287.213875233355,7.160235375012055,7.154152622248676,7.157987156335945
NER,Niger,2017,1287.1670596450385,7.160199004646126,7.160235375012055,7.154152622248676
NER,Niger,2018,1336.1605404068737,7.197555511852563,7.160199004646126,7.160235375012055
NER,Niger,2019,1446.9284173939093,7.277198255742242,7.197555511852563,7.160199004646126
NER,Niger,2020,1480.2853869611583,7.299990177196843,7.277198255742242,7.197555511852563
NER,Niger,2021,1484.7115139738814,7.302975765680329,7.299990177196843,7.277198255742242
NER,Niger,2022,1806.9539783603595,7.499397821734618,7.302975765680329,7.299990177196843
NER,Niger,2023,1857.9001902035666,7.527202198987687,7.499397821734618,7.302975765680329
NGA,Nigeria,2005,3681.256808801915,8.21100949698784,7.703355152363863,7.409368239930545
NGA,Nigeria,2006,4178.428626849471,8.337690528249652,8.21100949698784,7.703355152363863
NGA,Nigeria,2007,4458.084740615284,8.402474522427172,8.337690528249652,8.21100949698784
NGA,Nigeria,2008,4394.532669034821,8.3881164720503,8.402474522427172,8.337690528249652
NGA,Nigeria,2009,4703.360589332156,8.456032551200687,8.3881164720503,8.402474522427172
NGA,Nigeria,2010,5398.711559760192,8.593915604038438,8.456032551200687,8.3881164720503
NGA,Nigeria,2011,5557.225808173503,8.6228543073605,8.593915604038438,8.456032551200687
NGA,Nigeria,2012,5672.713987251747,8.643422939565529,8.6228543073605,8.593915604038438
NGA,Nigeria,2013,5835.631734034111,8.671737805190034,8.643422939565529,8.6228543073605
NGA,Nigeria,2014,6087.0523322025,8.713919225828825,8.671737805190034,8.643422939565529
NGA,Nigeria,2015,6051.079803178946,8.70799201496354,8.713919225828825,8.671737805190034
NGA,Nigeria,2016,5684.860908793683,8.645561939534176,8.70799201496354,8.713919225828825
NGA,Nigeria,2017,5503.613228239839,8.61316010611205,8.645561939534176,8.70799201496354
NGA,Nigeria,2018,5463.237053430915,8.605796759991524,8.61316010611205,8.645561939534176
NGA,Nigeria,2019,5625.119432410167,8.63499745927569,8.605796759991524,8.61316010611205
NGA,Nigeria,2020,5440.857026322353,8.601691869044986,8.63499745927569,8.605796759991524
NGA,Nigeria,2021,5185.085924821994,8.553541692333837,8.601691869044986,8.63499745927569
NGA,Nigeria,2022,4897.462970527351,8.49647258889728,8.553541692333837,8.601691869044986
NGA,Nigeria,2023,4578.481344885199,8.42912263803587,8.49647258889728,8.553541692333837
RWA,Rwanda,2005,1326.4511051128231,7.190262312825187,7.124445735153641,7.06332044099341
RWA,Rwanda,2006,1416.5013519644497,7.25594527371025,7.190262312825187,7.124445735153641
RWA,Rwanda,2007,1469.5979043452453,7.292744107896391,7.25594527371025,7.190262312825187
RWA,Rwanda,2008,1491.5763153466619,7.307588769489044,7.292744107896391,7.25594527371025
RWA,Rwanda,2009,1577.8484377273758,7.363817449725436,7.307588769489044,7.292744107896391
RWA,Rwanda,2010,1651.6702470537346,7.409542325835547,7.363817449725436,7.307588769489044
RWA,Rwanda,2011,1793.4815378707783,7.491914003008442,7.409542325835547,7.363817449725436
RWA,Rwanda,2012,1846.9705136270406,7.521302015603501,7.491914003008442,7.409542325835547
RWA,Rwanda,2013,1821.931595049372,7.507652533234419,7.521302015603501,7.491914003008442
RWA,Rwanda,2014,1936.1907949835618,7.568477814108552,7.507652533234419,7.521302015603501
RWA,Rwanda,2015,2037.8996934563354,7.619674994444007,7.568477814108552,7.507652533234419
RWA,Rwanda,2016,2067.8576566971915,7.634268401874994,7.619674994444007,7.568477814108552
RWA,Rwanda,2017,2122.367203007115,7.660287349918192,7.634268401874994,7.619674994444007
RWA,Rwanda,2018,2282.0696421187195,7.732838047975076,7.660287349918192,7.634268401874994
RWA,Rwanda,2019,2429.1921703355083,7.795314040872955,7.732838047975076,7.660287349918192
RWA,Rwanda,2020,2329.8297522960065,7.753550476206056,7.795314040872955,7.732838047975076
RWA,Rwanda,2021,2569.778101474625,7.851574832322927,7.753550476206056,7.795314040872955
RWA,Rwanda,2022,2713.4224830470666,7.905966025948577,7.851574832322927,7.753550476206056
RWA,Rwanda,2023,2860.4597856127975,7.958737655092998,7.905966025948577,7.851574832322927
SDN,Sudan,2005,3037.655070305538,8.018841138298137,7.841609523939996,7.804759951006755
SDN,Sudan,2006,3803.610215856858,8.243705951500587,8.018841138298137,7.841609523939996
SDN,Sudan,2007,3853.1715653365586,8.256651871362976,8.243705951500587,8.018841138298137
SDN,Sudan,2008,3755.0291023697964,8.230851314466417,8.256651871362976,8.243705951500587
SDN,Sudan,2009,4545.415115221498,8.421874336923016,8.230851314466417,8.256651871362976
SDN,Sudan,2010,5459.477354818304,8.605108341596504,8.421874336923016,8.230851314466417
SDN,Sudan,2011,6537.9326695148975,8.785376288900583,8.605108341596504,8.421874336923016
SDN,Sudan,2012,6650.278637310147,8.802414033119495,8.785376288900583,8.605108341596504
SDN,Sudan,2013,4824.618668750833,8.481486978266616,8.802414033119495,8.785376288900583
SDN,Sudan,2014,7366.736564092745,8.904730087131101,8.481486978266616,8.802414033119495
SDN,Sudan,2015,7417.651515145837,8.911617778669646,8.904730087131101,8.481486978266616
SDN,Sudan,2016,10598.196367067563,9.268439111572086,8.911617778669646,8.904730087131101
SDN,Sudan,2017,13268.600512905441,9.49315565928583,9.268439111572086,8.911617778669646
SDN,Sudan,2018,6848.027635666497,8.831715953395575,9.49315565928583,9.268439111572086
SDN,Sudan,2019,5077.327123973682,8.532540245405425,8.831715953395575,9.49315565928583
SDN,Sudan,2020,4628.2030687787965,8.439923965652325,8.532540245405425,8.831715953395575
SDN,Sudan,2021,2955.8670635965805,7.991547309337139,8.439923965652325,8.532540245405425
SDN,Sudan,2022,2874.1822065884317,7.963523462885625,7.991547309337139,8.439923965652325
SDN,Sudan,2023,2412.7469978642876,7.788521210506826,7.963523462885625,7.991547309337139
SEN,Senegal,2005,2925.233831965404,7.981129699022996,7.952096816302914,7.968645051187215
SEN,Senegal,2006,2960.6289930108396,7.993157022382478,7.981129699022996,7.952096816302914
SEN,Senegal,2007,3011.4339293099674,8.010171632781029,7.993157022382478,7.981129699022996
SEN,Senegal,2008,2948.1034938371026,7.988917359150643,8.010171632781029,7.993157022382478
SEN,Senegal,2009,3171.820899969191,8.062061118351446,7.988917359150643,8.010171632781029
SEN,Senegal,2010,3241.900054533239,8.083914873483971,8.062061118351446,7.988917359150643
SEN,Senegal,2011,3190.070039332823,8.067798151441568,8.083914873483971,8.062061118351446
SEN,Senegal,2012,3248.9884509366484,8.086098981011089,8.067798151441568,8.083914873483971
SEN,Senegal,2013,3152.3696353522673,8.055909714201238,8.086098981011089,8.067798151441568
SEN,Senegal,2014,3174.487569055113,8.062901502727932,8.055909714201238,8.086098981011089
SEN,Senegal,2015,3279.4595203281556,8.095433907412652,8.062901502727932,8.055909714201238
SEN,Senegal,2016,3364.911981149915,8.121157084574737,8.095433907412652,8.062901502727932
SEN,Senegal,2017,3394.1170896133003,8.129798944201246,8.121157084574737,8.095433907412652
SEN,Senegal,2018,3482.148694699638,8.155404823235893,8.129798944201246,8.121157084574737
SEN,Senegal,2019,3688.8743797591646,8.21307664436281,8.155404823235893,8.129798944201246
SEN,Senegal,2020,3670.700078425328,8.208137679920922,8.21307664436281,8.155404823235893
SEN,Senegal,2021,3860.274481970043,8.258493569249392,8.208137679920922,8.21307664436281
SEN,Senegal,2022,3818.0754022850583,8.247501753248633,8.258493569249392,8.208137679920922
SEN,Senegal,2023,3907.5756670986752,8.270672426688735,8.247501753248633,8.258493569249392
SLE,Sierra Leone,2005,1170.6037515288422,7.06527492164341,7.103987155562017,7.119009483464304
SLE,Sierra Leone,2006,1203.47622917669,7.092969505616923,7.06527492164341,7.103987155562017
SLE,Sierra Leone,2007,1243.4322489734495,7.125630777620382,7.092969505616923,7.06527492164341
SLE,Sierra Leone,2008,1290.3339068354285,7.162656306369859,7.125630777620382,7.092969505616923
SLE,Sierra Leone,2009,1338.4098944088705,7.199237542359627,7.162656306369859,7.125630777620382
SLE,Sierra Leone,2010,1343.45488911671,7.202999850355022,7.199237542359627,7.162656306369859
SLE,Sierra Leone,2011,1389.4751838956226,7.236681389286204,7.202999850355022,7.199237542359627
SLE,Sierra Leone,2012,1641.7019634071787,7.403488765259542,7.236681389286204,7.202999850355022
SLE,Sierra Leone,2013,1968.6135941345246,7.5850848146546195,7.403488765259542,7.236681389286204
SLE,Sierra Leone,2014,1929.460733183206,7.564995829997443,7.5850848146546195,7.403488765259542
SLE,Sierra Leone,2015,1869.88638038878,7.533632948852335,7.564995829997443,7.5850848146546195
SLE,Sierra Leone,2016,2061.8996228814985,7.631382983897112,7.533632948852335,7.564995829997443
SLE,Sierra Leone,2017,2093.9000640084514,7.646783665367281,7.631382983897112,7.533632948852335
SLE,Sierra Leone,2018,2656.32428250648,7.884698597460619,7.646783665367281,7.631382983897112
SLE,Sierra Leone,2019,2567.747275976524,7.850784247185269,7.884698597460619,7.646783665367281
SLE,Sierra Leone,2020,2564.3436140531294,7.849457823902688,7.850784247185269,7.884698597460619
SLE,Sierra Leone,2021,2595.2555229861828,7.8614402581844445,7.849457823902688,7.850784247185269
SLE,Sierra Leone,2022,2703.8447521942944,7.902430021385271,7.8614402581844445,7.849457823902688
SLE,Sierra Leone,2023,2744.1460823381612,7.91722522443244,7.902430021385271,7.8614402581844445
SOM,Somalia,2005,671.9167567859313,6.510134459019693,6.463850056233361,6.426656181489769
SOM,Somalia,2006,689.9828103392218,6.53666668472913,6.510134459019693,6.463850056233361
SOM,Somalia,2007,714.9459962373202,6.5722070101034795,6.53666668472913,6.510134459019693
SOM,Somalia,2008,742.2262808822693,6.6096541574340755,6.5722070101034795,6.53666668472913
SOM,Somalia,2009,772.9713776756197,6.650242020315363,6.6096541574340755,6.5722070101034795
SOM,Somalia,2010,804.5663675231345,6.690303458397358,6.650242020315363,6.6096541574340755
SOM,Somalia,2011,851.9349922725473,6.747510223768719,6.690303458397358,6.650242020315363
SOM,Somalia,2012,905.9382908322741,6.808971192059118,6.747510223768719,6.690303458397358
SOM,Somalia,2013,863.3102294009819,6.76077410435578,6.808971192059118,6.747510223768719
SOM,Somalia,2014,991.7190501309233,6.899439851577935,6.76077410435578,6.808971192059118
SOM,Somalia,2015,1206.0205034771225,7.095081378367423,6.899439851577935,6.76077410435578
SOM,Somalia,2016,1351.4872157328798,7.208960906354618,7.095081378367423,6.899439851577935
SOM,Somalia,2017,1431.8990853680814,7.2667568739257105,7.208960906354618,7.095081378367423
SOM,Somalia,2018,1432.3492019035511,7.267071173870429,7.2667568739257105,7.208960906354618
SOM,Somalia,2019,1416.3400732634973,7.25583141015284,7.267071173870429,7.2667568739257105
SOM,Somalia,2020,1321.802620042314,7.186751705211959,7.25583141015284,7.267071173870429
SOM,Somalia,2021,1328.6839658798394,7.19194423199968,7.186751705211959,7.25583141015284
SOM,Somalia,2022,1308.93265897449,7.176967319952882,7.19194423199968,7.186751705211959
SOM,Somalia,2023,1355.7889962355548,7.212138848896335,7.176967319952882,7.19194423199968
SWZ,Eswatini,2005,8801.255254179248,9.08264963281419,9.035331529019588,9.05055345430425
SWZ,Eswatini,2006,9196.071304576757,9.126531639721732,9.08264963281419,9.035331529019588
SWZ,Eswatini,2007,9218.99335607474,9.1290211301209,9.126531639721732,9.08264963281419
SWZ,Eswatini,2008,8898.016677351878,9.093583685645179,9.1290211301209,9.126531639721732
SWZ,Eswatini,2009,9250.227789444085,9.132403456089106,9.093583685645179,9.1290211301209
SWZ,Eswatini,2010,10015.602686603248,9.211899424682008,9.132403456089106,9.093583685645179
SWZ,Eswatini,2011,9559.781521759063,9.165320152411821,9.211899424682008,9.132403456089106
SWZ,Eswatini,2012,9852.755594709943,9.19550645084989,9.165320152411821,9.211899424682008
SWZ,Eswatini,2013,9981.783404886326,9.208517051225346,9.19550645084989,9.165320152411821
SWZ,Eswatini,2014,9991.305414826997,9.209470535260591,9.208517051225346,9.19550645084989
SWZ,Eswatini,2015,10089.518247681379,9.219252366685637,9.209470535260591,9.208517051225346
SWZ,Eswatini,2016,9923.03368286361,9.202613968331901,9.219252366685637,9.209470535260591
SWZ,Eswatini,2017,9599.882690576716,9.169506157649675,9.202613968331901,9.219252366685637
SWZ,Eswatini,2018,9369.045530941143,9.145166505683338,9.169506157649675,9.202613968331901
SWZ,Eswatini,2019,9658.641913246667,9.175608328632226,9.145166505683338,9.169506157649675
SWZ,Eswatini,2020,9363.030174656189,9.144524253688816,9.175608328632226,9.145166505683338
SWZ,Eswatini,2021,9291.881795477017,9.136896372702736,9.144524253688816,9.175608328632226
SWZ,Eswatini,2022,9336.51633094173,9.1416884778079,9.136896372702736,9.144524253688816
SWZ,Eswatini,2023,9330.540552270772,9.14104822916962,9.1416884778079,9.136896372702736
TCD,Chad,2005,2158.6177140705176,7.677223348635031,7.4949664116367645,7.119865977888526
TCD,Chad,2006,2084.645775517577,7.642354227961556,7.677223348635031,7.4949664116367645
TCD,Chad,2007,2186.6208376610543,7.690112634663682,7.642354227961556,7.677223348635031
TCD,Chad,2008,2206.721426604019,7.69926317563662,7.690112634663682,7.642354227961556
TCD,Chad,2009,1977.012439417782,7.589342115218491,7.69926317563662,7.690112634663682
TCD,Chad,2010,2558.609097304991,7.847219068455833,7.589342115218491,7.69926317563662
TCD,Chad,2011,2422.658657328575,7.792620834841624,7.847219068455833,7.589342115218491
TCD,Chad,2012,2578.3959390312525,7.854922755504352,7.792620834841624,7.847219068455833
TCD,Chad,2013,2208.3201153283826,7.699987376656725,7.854922755504352,7.792620834841624
TCD,Chad,2014,2293.490599291562,7.737830215180587,7.699987376656725,7.854922755504352
TCD,Chad,2015,2642.622499073399,7.879527073935169,7.737830215180587,7.699987376656725
TCD,Chad,2016,2357.317389149802,7.76527955197398,7.879527073935169,7.737830215180587
TCD,Chad,2017,2292.6678235899303,7.737471406943019,7.76527955197398,7.879527073935169
TCD,Chad,2018,2370.4142847867524,7.7708200225602795,7.737471406943019,7.76527955197398
TCD,Chad,2019,2417.217468415016,7.790372351176091,7.7708200225602795,7.737471406943019
TCD,Chad,2020,2183.1146588421184,7.6885078786896965,7.790372351176091,7.7708200225602795
TCD,Chad,2021,2190.6500877847225,7.6919536224984775,7.6885078786896965,7.790372351176091
TCD,Chad,2022,2331.95745435895,7.754463303032492,7.6919536224984775,7.6885078786896965
TCD,Chad,2023,2149.0159441730716,7.672765315960297,7.754463303032492,7.6919536224984775
TGO,Togo,2005,1490.3450023726905,7.306762917353619,7.277220903083648,7.332391446178933
TGO,Togo,2006,1646.2416022229143,7.406250151889075,7.306762917353619,7.277220903083648
TGO,Togo,2007,1787.6052795788341,7.488632170500244,7.406250151889075,7.306762917353619
TGO,Togo,2008,1825.0165808003126,7.509344351345354,7.488632170500244,7.406250151889075
TGO,Togo,2009,1874.7724288237014,7.536242559744394,7.509344351345354,7.488632170500244
TGO,Togo,2010,1890.905491980055,7.544811089609449,7.536242559744394,7.509344351345354
TGO,Togo,2011,1925.1219138628296,7.562744576593301,7.544811089609449,7.536242559744394
TGO,Togo,2012,1972.4314273548543,7.587022287783596,7.562744576593301,7.544811089609449
TGO,Togo,2013,1986.327585074797,7.594042778170401,7.587022287783596,7.562744576593301
TGO,Togo,2014,2049.7228046858795,7.62545984576338,7.594042778170401,7.587022287783596
TGO,Togo,2015,2111.5932429293525,7.655198032967713,7.62545984576338,7.594042778170401
TGO,Togo,2016,2195.2951427308158,7.694071777850932,7.655198032967713,7.62545984576338
TGO,Togo,2017,2223.7254394859715,7.706939194280928,7.694071777850932,7.655198032967713
TGO,Togo,2018,2250.8295491778567,7.719054115773045,7.706939194280928,7.694071777850932
TGO,Togo,2019,2367.7105871210065,7.769678770258032,7.719054115773045,7.706939194280928
TGO,Togo,2020,2444.3538293335887,7.801536084499054,7.769678770258032,7.719054115773045
TGO,Togo,2021,2525.3789553673028,7.834146411781969,7.801536084499054,7.769678770258032
TGO,Togo,2022,2525.96814912322,7.834379693616063,7.834146411781969,7.801536084499054
TGO,Togo,2023,2625.5606995425896,7.873049752042277,7.834379693616063,7.834146411781969
TZA,U.R. of Tanzania: Mainland,2005,1622.9533853366058,7.392002845806135,7.316273425993546,7.278044864300385
TZA,U.R. of Tanzania: Mainland,2006,1719.6091676253077,7.449852315862456,7.392002845806135,7.316273425993546
TZA,U.R. of Tanzania: Mainland,2007,1818.032581350543,7.505510196111787,7.449852315862456,7.392002845806135
TZA,U.R. of Tanzania: Mainland,2008,1947.0191064848384,7.574054818618779,7.505510196111787,7.449852315862456
TZA,U.R. of Tanzania: Mainland,2009,2097.925375350012,7.648704218900381,7.574054818618779,7.505510196111787
TZA,U.R. of Tanzania: Mainland,2010,2327.9264442074686,7.752733212221348,7.648704218900381,7.574054818618779
TZA,U.R. of Tanzania: Mainland,2011,2561.5260651567582,7.848358479066996,7.752733212221348,7.648704218900381
TZA,U.R. of Tanzania: Mainland,2012,2420.7477903359427,7.791831775689796,7.848358479066996,7.752733212221348
TZA,U.R. of Tanzania: Mainland,2013,2416.1804134701306,7.789943230716265,7.791831775689796,7.848358479066996
TZA,U.R. of Tanzania: Mainland,2014,2442.3864065870125,7.80073087580864,7.789943230716265,7.791831775689796
TZA,U.R. of Tanzania: Mainland,2015,2549.67720153542,7.843722042506412,7.80073087580864,7.789943230716265
TZA,U.R. of Tanzania: Mainland,2016,2640.572719699109,7.878751111892404,7.843722042506412,7.80073087580864
TZA,U.R. of Tanzania: Mainland,2017,2561.3173439689376,7.848276992606737,7.878751111892404,7.843722042506412
TZA,U.R. of Tanzania: Mainland,2018,2712.963070213782,7.905796700407709,7.848276992606737,7.878751111892404
TZA,U.R. of Tanzania: Mainland,2019,2923.1740291133333,7.980425301181338,7.905796700407709,7.848276992606737
TZA,U.R. of Tanzania: Mainland,2020,3084.1426375014335,8.034028984424785,7.980425301181338,7.905796700407709
TZA,U.R. of Tanzania: Mainland,2021,3242.5099493062044,8.084102984591814,8.034028984424785,7.980425301181338
TZA,U.R. of Tanzania: Mainland,2022,3364.11002629882,8.120918727543357,8.084102984591814,8.034028984424785
TZA,U.R. of Tanzania: Mainland,2023,3470.9854879704185,8.152193834916837,8.120918727543357,8.084102984591814
UGA,Uganda,2005,1563.8723908693287,7.3549203262607135,7.2880017793276854,7.261161207049861
UGA,Uganda,2006,1687.4111012803603,7.430950740636257,7.3549203262607135,7.2880017793276854
UGA,Uganda,2007,1806.6953753326343,7.499254696044848,7.430950740636257,7.3549203262607135
UGA,Uganda,2008,1928.2427570239813,7.564364378563819,7.499254696044848,7.430950740636257
UGA,Uganda,2009,2168.5573605875347,7.681817414660666,7.564364378563819,7.499254696044848
UGA,Uganda,2010,2668.8059661196407,7.889386447668389,7.681817414660666,7.564364378563819
UGA,Uganda,2011,2836.865477740169,7.950455016603262,7.889386447668389,7.681817414660666
UGA,Uganda,2012,2583.8122281429382,7.857021195134763,7.950455016603262,7.889386447668389
UGA,Uganda,2013,1833.073258331866,7.513749213397791,7.857021195134763,7.950455016603262
UGA,Uganda,2014,2893.76102350071,7.970312327244381,7.513749213397791,7.857021195134763
UGA,Uganda,2015,2565.2016328520886,7.849792363814381,7.970312327244381,7.513749213397791
UGA,Uganda,2016,2458.1694626985663,7.807172231076824,7.849792363814381,7.970312327244381
UGA,Uganda,2017,2462.960322358437,7.809119288513896,7.807172231076824,7.849792363814381
UGA,Uganda,2018,2566.8525519193877,7.850435739376994,7.809119288513896,7.807172231076824
UGA,Uganda,2019,2694.1690010662182,7.898845087395521,7.850435739376994,7.809119288513896
UGA,Uganda,2020,2573.941519578222,7.853193668231396,7.898845087395521,7.850435739376994
UGA,Uganda,2021,2636.8981267096965,7.877358553339198,7.853193668231396,7.898845087395521
UGA,Uganda,2022,2749.8952963895395,7.9193181158956145,7.877358553339198,7.853193668231396
UGA,Uganda,2023,2834.915323205581,7.949767347357964,7.9193181158956145,7.877358553339198
ZAF,South Africa,2005,13658.570908611035,9.522122508955746,9.467227111573676,9.437183991443264
ZAF,South Africa,2006,14493.326940046354,9.581443611447781,9.522122508955746,9.467227111573676
ZAF,South Africa,2007,15213.124218956937,9.629913769746096,9.581443611447781,9.522122508955746
ZAF,South Africa,2008,15184.956014229907,9.628060480816444,9.629913769746096,9.581443611447781
ZAF,South Africa,2009,15010.552883442471,9.616508758289077,9.628060480816444,9.629913769746096
ZAF,South Africa,2010,15549.133272088551,9.651760177924599,9.616508758289077,9.628060480816444
ZAF,South Africa,2011,15967.464650811333,9.678308471612178,9.651760177924599,9.616508758289077
ZAF,South Africa,2012,15741.896904995256,9.664081029639867,9.678308471612178,9.651760177924599
ZAF,South Africa,2013,15534.5241631257,9.65082019136935,9.664081029639867,9.678308471612178
ZAF,South Africa,2014,15250.834753758973,9.632389518488898,9.65082019136935,9.664081029639867
ZAF,South Africa,2015,15289.133856374296,9.634897649599422,9.632389518488898,9.65082019136935
ZAF,South Africa,2016,15363.389987113242,9.639742684636515,9.634897649599422,9.632389518488898
ZAF,South Africa,2017,15589.25630329624,9.65433725746922,9.639742684636515,9.634897649599422
ZAF,South Africa,2018,14730.508552189642,9.597676033788717,9.65433725746922,9.639742684636515
ZAF,South Africa,2019,14429.317301662913,9.577017339606643,9.597676033788717,9.65433725746922
ZAF,South Africa,2020,13233.808253014358,9.490530065500314,9.577017339606643,9.597676033788717
ZAF,South Africa,2021,13390.69543121614,9.502315373947175,9.490530065500314,9.577017339606643
ZAF,South Africa,2022,13202.93952667277,9.488194775197014,9.502315373947175,9.490530065500314
ZAF,South Africa,2023,12876.512654545666,9.463160206362495,9.488194775197014,9.502315373947175
ZAR,D.R. of the Congo,2005,638.0244275042874,6.458376570236112,6.417967351946038,6.355995011716539
ZAR,D.R. of the Congo,2006,656.1737937258979,6.4864256833166865,6.458376570236112,6.417967351946038
ZAR,D.R. of the Congo,2007,699.4049657868612,6.550229924671072,6.4864256833166865,6.458376570236112
ZAR,D.R. of the Congo,2008,677.5614071358233,6.5185001864853485,6.550229924671072,6.4864256833166865
ZAR,D.R. of the Congo,2009,674.3214590150245,6.513706939370337,6.5185001864853485,6.550229924671072
ZAR,D.R. of the Congo,2010,748.7869115243989,6.618454445742988,6.513706939370337,6.5185001864853485
ZAR,D.R. of the Congo,2011,777.9812777572389,6.65670245930945,6.618454445742988,6.513706939370337
ZAR,D.R. of the Congo,2012,802.9609499328767,6.688306082543697,6.65670245930945,6.618454445742988
ZAR,D.R. of the Congo,2013,847.3706252866908,6.742138173072738,6.688306082543697,6.65670245930945
ZAR,D.R. of the Congo,2014,914.484366124809,6.8183603721405674,6.742138173072738,6.688306082543697
ZAR,D.R. of the Congo,2015,982.5700523576503,6.890171641311252,6.8183603721405674,6.742138173072738
ZAR,D.R. of the Congo,2016,1093.0301231299597,6.996709047842477,6.890171641311252,6.8183603721405674
ZAR,D.R. of the Congo,2017,1039.3462676720537,6.946347205713793,6.996709047842477,6.890171641311252
ZAR,D.R. of the Congo,2018,1093.1993227662902,6.996863834557097,6.946347205713793,6.996709047842477
ZAR,D.R. of the Congo,2019,1060.9015570057325,6.966874351091382,6.996863834557097,6.946347205713793
ZAR,D.R. of the Congo,2020,1027.7297979524908,6.935107569007311,6.966874351091382,6.996863834557097
ZAR,D.R. of the Congo,2021,1161.5237160345812,7.057487970456234,6.935107569007311,6.966874351091382
ZAR,D.R. of the Congo,2022,1193.0823540107165,7.084295450738617,7.057487970456234,6.935107569007311
ZAR,D.R. of the Congo,2023,1415.7885572560913,7.2554419391320435,7.084295450738617,7.057487970456234
ZMB,Zambia,2005,1915.2110565706323,7.55758310785024,7.474399700440593,7.4081687084232835
ZMB,Zambia,2006,2233.2986271217087,7.711234976495442,7.55758310785024,7.474399700440593
ZMB,Zambia,2007,2975.950446216639,7.998318744677468,7.711234976495442,7.55758310785024
ZMB,Zambia,2008,3021.712932187234,8.0135791456625,7.998318744677468,7.711234976495442
ZMB,Zambia,2009,3332.6356105261307,8.111518744556085,8.0135791456625,7.998318744677468
ZMB,Zambia,2010,3744.8589503246335,8.228139231777316,8.111518744556085,8.0135791456625
ZMB,Zambia,2011,4101.158071062231,8.319024669165755,8.228139231777316,8.111518744556085
ZMB,Zambia,2012,3819.735175204506,8.247936373334777,8.319024669165755,8.228139231777316
ZMB,Zambia,2013,3717.338041156187,8.220763110783022,8.247936373334777,8.319024669165755
ZMB,Zambia,2014,3759.553375082532,8.232055446105923,8.220763110783022,8.247936373334777
ZMB,Zambia,2015,3503.6761893450303,8.161568036069456,8.232055446105923,8.220763110783022
ZMB,Zambia,2016,3467.1101679761705,8.151076721348666,8.161568036069456,8.232055446105923
ZMB,Zambia,2017,3509.688128536143,8.16328246024341,8.151076721348666,8.161568036069456
ZMB,Zambia,2018,3453.577488213387,8.147165925866243,8.16328246024341,8.151076721348666
ZMB,Zambia,2019,3344.2915746026524,8.11501016376551,8.147165925866243,8.16328246024341
ZMB,Zambia,2020,3067.1606607922236,8.028507546437162,8.11501016376551,8.147165925866243
ZMB,Zambia,2021,3262.096381994905,8.090125329646636,8.028507546437162,8.11501016376551
ZMB,Zambia,2022,3430.9645385203885,8.140596707194542,8.090125329646636,8.028507546437162
ZMB,Zambia,2023,3519.674414379681,8.166123768399268,8.140596707194542,8.090125329646636
ZWE,Zimbabwe,2005,609.3440552345701,6.412383059309179,7.468776793683476,8.2814883997171
ZWE,Zimbabwe,2006,1812.9449926383568,7.502707869775184,6.412383059309179,7.468776793683476
ZWE,Zimbabwe,2007,1795.4645645837438,7.493019077789818,7.502707869775184,6.412383059309179
ZWE,Zimbabwe,2008,1224.054683779776,7.109924138364982,7.493019077789818,7.502707869775184
ZWE,Zimbabwe,2009,2196.2879694874528,7.694523927678537,7.109924138364982,7.493019077789818
ZWE,Zimbabwe,2010,2157.8639391892275,7.676874094335116,7.694523927678537,7.109924138364982
ZWE,Zimbabwe,2011,2416.8449067862834,7.790218210993134,7.676874094335116,7.694523927678537
ZWE,Zimbabwe,2012,2789.9774943882517,7.933788808255368,7.790218210993134,7.676874094335116
ZWE,Zimbabwe,2013,2917.964129557077,7.978641436189174,7.933788808255368,7.790218210993134
ZWE,Zimbabwe,2014,2947.913571146474,7.988852935086533,7.978641436189174,7.933788808255368
ZWE,Zimbabwe,2015,3109.821442275245,8.042320589465623,7.988852935086533,7.978641436189174
ZWE,Zimbabwe,2016,3251.4948842810973,8.086870133966771,8.042320589465623,7.988852935086533
ZWE,Zimbabwe,2017,3491.828610323375,8.158180835091589,8.086870133966771,8.042320589465623
ZWE,Zimbabwe,2018,2076.385385130765,7.6383838653667375,8.158180835091589,8.086870133966771
ZWE,Zimbabwe,2019,3047.6078256381484,8.022112242399125,7.6383838653667375,8.158180835091589
ZWE,Zimbabwe,2020,2961.6421486069844,7.993499173419403,8.022112242399125,7.6383838653667375
ZWE,Zimbabwe,2021,2888.190234620544,7.968385368556821,7.993499173419403,8.022112242399125
ZWE,Zimbabwe,2022,3120.813527798397,8.045848992904405,7.968385368556821,7.993499173419403
ZWE,Zimbabwe,2023,3198.0581171192002,8.070299066186623,8.045848992904405,7.968385368556821
